시군명,관할군구명,관할읍면동명,시공소재지위치,시공사정보,시행사정보,민간공공구분명,임대분양구분명,규모별면적(㎥),총분양가구수(개),당월미분양가구수(개),분양청약일자,입주예정일자,준공여부구분명,비고,위도,경도
고양시,일산동구,풍동,경기도 고양시 일산동구 풍동 655-18번지 일원(요진 Y-HAUS),요진건설산업㈜,요진개발㈜,민간,분양,52.0,44,0.0,Mar-24,Apr-24,준공,,37.6803065,126.7949751
고양시,일산동구,풍동,경기도 고양시 일산동구 풍동 655-18번지 일원(요진 Y-HAUS),요진건설산업㈜,요진개발㈜,민간,분양,60.0,24,0.0,Mar-24,Apr-24,준공,,37.6803065,126.7949751
고양시,일산동구,풍동,경기도 고양시 일산동구 풍동 655-18번지 일원(요진 Y-HAUS),요진건설산업㈜,요진개발㈜,민간,분양,39.9,74,0.0,Mar-24,Apr-24,준공,,37.6803065,126.7949751
고양시,덕양구,삼송동,경기도 고양시 덕양구 삼송동 삼송택지개발지구 B-5블럭,㈜대송,㈜생보부동산신탁,민간,분양,84.74,20,16.0,Jun-24,Nov-24,준공,,37.6531791,126.8955135
고양시,덕양구,삼송동,경기도 고양시 덕양구 삼송동 삼송택지개발지구 B-5블럭,㈜대송,㈜생보부동산신탁,민간,분양,84.63,20,15.0,Jun-24,Nov-24,준공,,37.6531791,126.8955135
고양시,덕양구,삼송동,경기도 고양시 덕양구 삼송동 삼송택지개발지구 B-5블럭,㈜대송,㈜생보부동산신탁,민간,분양,84.96,40,17.0,Jun-24,Nov-24,준공,,37.6531791,126.8955135
고양시,덕양구,지축동,경기도 고양시 덕양구 지축동 지축택지개발지구 B-2블록,한림건설㈜,한림건설㈜,민간,분양,84.97,337,3.0,Sep-24,Jan-24,준공,,37.64811400000001,126.913746
고양시,덕양구,지축동,경기도 고양시 덕양구 지축동 지축택지개발지구 B-2블록,한림건설㈜,한림건설㈜,민간,분양,84.98,337,4.0,Sep-24,Jan-24,준공,,37.64811400000001,126.913746
고양시,덕양구,지축동,경기도 고양시 덕양구 지축동 지축택지개발지구 B-2블록,한림건설㈜,한림건설㈜,민간,분양,72.95,214,2.0,Sep-24,Jan-24,준공,,37.64811400000001,126.913746
고양시,덕양구,지축동,경기도 고양시 덕양구 지축동 지축택지개발지구 B-2블록,한림건설㈜,한림건설㈜,민간,분양,72.94,214,1.0,Sep-24,Jan-24,준공,,37.64811400000001,126.913746
고양시,일산동구,풍동,경기도 고양시 일산동구 풍동 655-18번지 일원(요진 Y-HAUS),요진건설산업㈜,요진개발㈜,민간,분양,40.0,116,8.0,Mar-24,Apr-24,준공,,37.6803065,126.7949751
광주시,,초월읍,경기도 광주시 쌍동리 252-7번지,"㈜모아종합건설,(주)미래도건선",대영건설산업㈜,민간,분양,84.9,146,2.0,Aug-24,Jul-24,준공,,37.37543060000001,127.2934704
광주시,,초월읍,경기도 광주시 쌍동리 252-7번지,"㈜모아종합건설,(주)미래도건선",대영건설산업㈜,민간,분양,74.9,58,2.0,Aug-24,Jul-24,준공,,37.37543060000001,127.2934704
광주시,,초월읍,경기도 광주시 쌍동리 252-7번지,"㈜모아종합건설,(주)미래도건선",대영건설산업㈜,민간,분양,74.9,110,1.0,Aug-24,Jul-24,준공,,37.37543060000001,127.2934704
광주시,,초월읍,경기도 광주시 쌍동리 252-7번지,"㈜모아종합건설,(주)미래도건선",대영건설산업㈜,민간,분양,84.9,171,1.0,Aug-24,Jul-24,준공,,37.37543060000001,127.2934704
김포시,,북변동,경기도 김포시 북변동 329-2,우미건설㈜,북변3구역 주택재개발,민간,분양,84.0,24,3.0,May-24,Dec-24,미준공,,37.6266926,126.707143
김포시,,북변동,경기도 김포시 북변동 329-2,우미건설㈜,북변3구역 주택재개발,민간,분양,84.0,89,5.0,May-24,Dec-24,미준공,,37.6266926,126.707143
김포시,,고촌읍,경기도 김포시 고촌읍 신곡리 1072-2,GS건설㈜,한국투자부동산신탁㈜,민간,분양,63.0,79,0.0,Oct-24,Jun-24,미준공,,37.6021656,126.7701728
김포시,,고촌읍,경기도 김포시 고촌읍 신곡리 1072-2,GS건설㈜,한국투자부동산신탁㈜,민간,분양,76.0,32,1.0,Oct-24,Jun-24,미준공,,37.6021656,126.7701728
김포시,,고촌읍,경기도 김포시 고촌읍 신곡리 1072-2,GS건설㈜,한국투자부동산신탁㈜,민간,분양,76.0,117,14.0,Oct-24,Jun-24,미준공,,37.6021656,126.7701728
김포시,,고촌읍,경기도 김포시 고촌읍 신곡리 1072-2,GS건설㈜,한국투자부동산신탁㈜,민간,분양,84.0,522,169.0,Oct-24,Jun-24,미준공,,37.6021656,126.7701728
김포시,,고촌읍,경기도 김포시 고촌읍 신곡리 1072-2,GS건설㈜,한국투자부동산신탁㈜,민간,분양,84.0,386,155.0,Oct-24,Jun-24,미준공,,37.6021656,126.7701728
김포시,,고촌읍,경기도 김포시 고촌읍 신곡리 1072-2,GS건설㈜,한국투자부동산신탁㈜,민간,분양,105.0,161,49.0,Oct-24,Jun-24,미준공,,37.6021656,126.7701728
김포시,,북변동,경기도 김포시 북변동 329-2,우미건설㈜,북변3구역 주택재개발,민간,분양,84.0,154,5.0,May-24,Dec-24,미준공,,37.6266926,126.707143
김포시,,북변동,경기도 김포시 북변동 329-2,우미건설㈜,북변3구역 주택재개발,민간,분양,74.0,71,0.0,May-24,Dec-24,미준공,,37.6266926,126.707143
김포시,,북변동,경기도 김포시 북변동 329-2,우미건설㈜,북변3구역 주택재개발,민간,분양,74.0,110,0.0,May-24,Dec-24,미준공,,37.6266926,126.707143
김포시,,북변동,경기도 김포시 북변동 329-2,우미건설㈜,북변3구역 주택재개발,민간,분양,59.0,106,0.0,May-24,Dec-24,미준공,,37.6266926,126.707143
김포시,,북변동,경기도 김포시 북변동 329-2,우미건설㈜,북변3구역 주택재개발,민간,분양,59.0,277,0.0,May-24,Dec-24,미준공,,37.6266926,126.707143
김포시,,장기동,경기도 김포시 김포한강신도시 Bc-04BL (김포시 장기동 1894-9),범양건영㈜,온동네디엔아이㈜,민간,분양,84.9,22,2.0,Aug-24,Jun-24,미준공,,37.6426035,126.6787744
김포시,,장기동,경기도 김포시 김포한강신도시 Bc-04BL (김포시 장기동 1894-9),범양건영㈜,온동네디엔아이㈜,민간,분양,84.9,6,0.0,Aug-24,Jun-24,미준공,,37.6426035,126.6787744
김포시,,장기동,경기도 김포시 김포한강신도시 Bc-04BL (김포시 장기동 1894-9),범양건영㈜,온동네디엔아이㈜,민간,분양,84.9,6,1.0,Aug-24,Jun-24,미준공,,37.6426035,126.6787744
김포시,,장기동,경기도 김포시 김포한강신도시 Bc-04BL (김포시 장기동 1894-9),범양건영㈜,온동네디엔아이㈜,민간,분양,84.9,6,0.0,Aug-24,Jun-24,미준공,,37.6426035,126.6787744
김포시,,장기동,경기도 김포시 김포한강신도시 Bc-04BL (김포시 장기동 1894-9),범양건영㈜,온동네디엔아이㈜,민간,분양,84.9,7,0.0,Aug-24,Jun-24,미준공,,37.6426035,126.6787744
김포시,,장기동,경기도 김포시 김포한강신도시 Bc-04BL (김포시 장기동 1894-9),범양건영㈜,온동네디엔아이㈜,민간,분양,84.9,7,0.0,Aug-24,Jun-24,미준공,,37.6426035,126.6787744
김포시,,장기동,경기도 김포시 김포한강신도시 Bc-04BL (김포시 장기동 1894-9),범양건영㈜,온동네디엔아이㈜,민간,분양,84.9,111,8.0,Aug-24,Jun-24,미준공,,37.6426035,126.6787744
김포시,,장기동,경기도 김포시 김포한강신도시 Bc-04BL (김포시 장기동 1894-9),범양건영㈜,온동네디엔아이㈜,민간,분양,84.9,5,0.0,Aug-24,Jun-24,미준공,,37.6426035,126.6787744
김포시,,장기동,경기도 김포시 김포한강신도시 Bc-04BL (김포시 장기동 1894-9),범양건영㈜,온동네디엔아이㈜,민간,분양,84.9,66,8.0,Aug-24,Jun-24,미준공,,37.6426035,126.6787744
김포시,,장기동,경기도 김포시 김포한강신도시 Bc-04BL (김포시 장기동 1894-9),범양건영㈜,온동네디엔아이㈜,민간,분양,84.9,32,2.0,Aug-24,Jun-24,미준공,,37.6426035,126.6787744
김포시,,장기동,경기도 김포시 김포한강신도시 Bc-04BL (김포시 장기동 1894-9),범양건영㈜,온동네디엔아이㈜,민간,분양,84.9,18,2.0,Aug-24,Jun-24,미준공,,37.6426035,126.6787744
남양주시,,화도읍,경기도 남양주시 화도읍 마석우리 256-1,극동건설㈜,신유건설,민간,분양,59.0,86,86.0,Aug-24,Aug-24,미준공,,37.6515667,127.3106593
남양주시,,화도읍,경기도 남양주시 화도읍 마석우리 256-1,극동건설㈜,신유건설,민간,분양,59.0,45,45.0,Aug-24,Aug-24,미준공,,37.6515667,127.3106593
남양주시,,진건읍,경기도 남양주시 진건읍 퇴계원리 102-8,청광건설,주원산업개발,민간,분양,59.0,26,22.0,May-24,Sep-24,미준공,,37.6537724,127.1438653
남양주시,,진건읍,경기도 남양주시 진건읍 퇴계원리 102-8,청광건설,주원산업개발,민간,분양,59.0,13,11.0,May-24,Sep-24,미준공,,37.6537724,127.1438653
남양주시,,화도읍,경기도 남양주시 화도읍 월산리 81 월산 사랑으로 부영아파트,㈜부영주택,㈜부영주택,민간,분양,148.0,390,77.0,May-24,Oct-24,준공,,37.6547247,127.3401053
남양주시,,화도읍,경기도 남양주시 답내리 516-4 답내 사랑으로 부영아파트,㈜부영주택,㈜부영주택,민간,분양,148.0,148,82.0,May-24,Oct-24,준공,,37.6568037,127.342971
남양주시,,다산동,경기도 남양주시 다산동 3473,효성중공업㈜,코리아신탁㈜,민간,분양,84.0,350,0.0,Apr-24,Feb-24,미준공,,37.6124747,127.1549535
남양주시,,화도읍,경기도 남양주시 화도읍 마석우리 295-32,신세계건설㈜,에코월드,민간,분양,98.0,50,12.0,Jul-24,Sep-24,미준공,,37.6537714,127.3060461
남양주시,,화도읍,경기도 남양주시 화도읍 마석우리 295-32,신세계건설㈜,에코월드,민간,분양,98.0,25,1.0,Jul-24,Sep-24,미준공,,37.6537714,127.3060461
남양주시,,화도읍,경기도 남양주시 화도읍 마석우리 295-32,신세계건설㈜,에코월드,민간,분양,98.0,75,2.0,Jul-24,Sep-24,미준공,,37.6537714,127.3060461
남양주시,,화도읍,경기도 남양주시 화도읍 마석우리 295-32,신세계건설㈜,에코월드,민간,분양,84.0,75,0.0,Jul-24,Sep-24,미준공,,37.6537714,127.3060461
남양주시,,화도읍,경기도 남양주시 화도읍 마석우리 295-32,신세계건설㈜,에코월드,민간,분양,84.0,25,0.0,Jul-24,Sep-24,미준공,,37.6537714,127.3060461
남양주시,,금곡동,경기도 남양주시 금곡동 404-20,한신공영㈜,금곡지역주택조합,민간,분양,60.0,159,1.0,Jun-24,Feb-24,미준공,,37.6366912,127.207995
남양주시,,별내동,경기도 남양주시 별내동 999,GS건설,한국자산신탁,민간,분양,84.0,520,1.0,Oct-24,Dec-24,미준공,,37.6437883,127.1225933
동두천시,,생연동,경기도 동두천시 생연동 284,㈜이수건설,대한토지신탁,민간,분양,65.0,92,55.0,Apr-24,Dec-24,미준공,,37.9000932,127.064848
동두천시,,생연동,경기도 동두천시 생연동 284,㈜이수건설,대한토지신탁,민간,분양,65.0,127,73.0,Apr-24,Dec-24,미준공,,37.9000932,127.064848
동두천시,,생연동,경기도 동두천시 생연동 284,㈜이수건설,대한토지신탁,민간,분양,65.0,54,6.0,Apr-24,Dec-24,미준공,,37.9000932,127.064848
동두천시,,생연동,경기도 동두천시 생연동 284,㈜이수건설,대한토지신탁,민간,분양,74.0,4,0.0,Apr-24,Dec-24,미준공,,37.9000932,127.064848
동두천시,,생연동,경기도 동두천시 생연동 284,㈜이수건설,대한토지신탁,민간,분양,49.0,16,5.0,Apr-24,Dec-24,미준공,,37.9000932,127.064848
동두천시,,생연동,경기도 동두천시 생연동 284,㈜이수건설,대한토지신탁,민간,분양,49.0,4,3.0,Apr-24,Dec-24,미준공,,37.9000932,127.064848
동두천시,,생연동,경기도 동두천시 생연동 284,㈜이수건설,대한토지신탁,민간,분양,49.0,13,2.0,Apr-24,Dec-24,미준공,,37.9000932,127.064848
동두천시,,생연동,경기도 동두천시 생연동 284,㈜이수건설,대한토지신탁,민간,분양,49.0,10,0.0,Apr-24,Dec-24,미준공,,37.9000932,127.064848
부천시,,소사본동,경기도 부천시 소사본동 70-12일원,한라,한라,민간,분양,60.0,38,2.0,May-24,Jan-24,준공,,37.4817128,126.7945338
부천시,,소사본동,경기도 부천시 소사본동 70-12일원,한라,한라,민간,분양,60.0,26,0.0,May-24,Jan-24,준공,,37.4817128,126.7945338
부천시,,소사본동,경기도 부천시 소사본동 70-12일원,한라,한라,민간,분양,78.0,102,32.0,May-24,Jan-24,준공,,37.4817128,126.7945338
부천시,,괴안동,경기도 부천시 괴안동 117번지,대우산업개발주식회사,삼협연립3차가로주택정비사업/㈜필민,민간,분양,50.0,14,0.0,Apr-24,Jul-24,미준공,,37.4819789,126.8124762
부천시,,괴안동,경기도 부천시 괴안동 117번지,대우산업개발주식회사,삼협연립3차가로주택정비사업/㈜필민,민간,분양,60.0,12,0.0,Apr-24,Jul-24,미준공,,37.4819789,126.8124762
부천시,,괴안동,경기도 부천시 괴안동 117번지,대우산업개발주식회사,삼협연립3차가로주택정비사업/㈜필민,민간,분양,63.0,11,1.0,Apr-24,Jul-24,미준공,,37.4819789,126.8124762
부천시,,괴안동,경기도 부천시 괴안동 117번지,대우산업개발주식회사,삼협연립3차가로주택정비사업/㈜필민,민간,분양,65.0,13,0.0,Apr-24,Jul-24,미준공,,37.4819789,126.8124762
부천시,,괴안동,경기도 부천시 괴안동 117번지,대우산업개발주식회사,삼협연립3차가로주택정비사업/㈜필민,민간,분양,70.0,8,0.0,Apr-24,Jul-24,미준공,,37.4819789,126.8124762
부천시,,괴안동,경기도 부천시 괴안동 91-1,㈜KCC건설,청암아파트 소규모재건축사업,민간,분양,59.0,32,14.0,Dec-24,Feb-24,미준공,,37.4793185,126.8084995
부천시,,괴안동,경기도 부천시 괴안동 91-1,㈜KCC건설,청암아파트 소규모재건축사업,민간,분양,51.0,18,6.0,Dec-24,Feb-24,미준공,,37.4793185,126.8084995
부천시,,원종동,경기도 부천시 원종동 476번지,주식회사 더원종합건설,명신아파트 가로주택정비사업,민간,분양,49.91,5,1.0,Dec-24,Oct-24,준공,,37.5269873,126.8041181
부천시,,원종동,경기도 부천시 원종동 476번지,주식회사 더원종합건설,명신아파트 가로주택정비사업,민간,분양,48.74,10,0.0,Dec-24,Oct-24,준공,,37.5269873,126.8041181
부천시,,원종동,경기도 부천시 원종동 476번지,주식회사 더원종합건설,명신아파트 가로주택정비사업,민간,분양,52.89,10,0.0,Dec-24,Oct-24,준공,,37.5269873,126.8041181
부천시,,원종동,경기도 부천시 원종동 476번지,주식회사 더원종합건설,명신아파트 가로주택정비사업,민간,분양,52.97,10,0.0,Dec-24,Oct-24,준공,,37.5269873,126.8041181
부천시,,여월동,경기도 부천시 여월동 9-28번지,이수건설㈜,여월LH참여형 가로주택정비사업조합,민간,분양,26.95,4,4.0,Nov-24,Jan-24,준공,,37.517302,126.8022435
부천시,,여월동,경기도 부천시 여월동 9-28번지,이수건설㈜,여월LH참여형 가로주택정비사업조합,민간,분양,59.95,18,3.0,Nov-24,Jan-24,준공,,37.517302,126.8022435
부천시,,여월동,경기도 부천시 여월동 9-28번지,이수건설㈜,여월LH참여형 가로주택정비사업조합,민간,분양,59.93,9,3.0,Nov-24,Jan-24,준공,,37.517302,126.8022435
부천시,,소사본동,경기도 부천시 소사본동 70-7 외 6필지,현대아산주식회사,한송건설산업,민간,분양,74.0,28,1.0,May-24,Jul-24,준공,,37.4819894,126.7940667
부천시,,소사본동,경기도 부천시 소사본동 70-7 외 6필지,현대아산주식회사,한송건설산업,민간,분양,74.0,28,0.0,May-24,Jul-24,준공,,37.4819894,126.7940667
부천시,,소사본동,경기도 부천시 소사본동 70-7 외 6필지,현대아산주식회사,한송건설산업,민간,분양,74.0,28,0.0,May-24,Jul-24,준공,,37.4819894,126.7940667
부천시,,소사본동,경기도 부천시 소사본동 70-7 외 6필지,현대아산주식회사,한송건설산업,민간,분양,74.0,24,0.0,May-24,Jul-24,준공,,37.4819894,126.7940667
부천시,,소사본동,경기도 부천시 소사본동 70-7 외 6필지,현대아산주식회사,한송건설산업,민간,분양,74.0,28,0.0,May-24,Jul-24,준공,,37.4819894,126.7940667
부천시,,소사본동,경기도 부천시 소사본동 70-7 외 6필지,현대아산주식회사,한송건설산업,민간,분양,71.0,24,0.0,May-24,Jul-24,준공,,37.4819894,126.7940667
부천시,,원종동,경기도 부천시 원종동 316 외 1필지,도원종합건설,도원주택건설,민간,분양,84.0,9,6.0,Mar-24,Apr-24,준공,,37.5231073,126.8083567
부천시,,원종동,경기도 부천시 원종동 316 외 1필지,도원종합건설,도원주택건설,민간,분양,76.0,9,5.0,Mar-24,Apr-24,준공,,37.5231073,126.8083567
부천시,,원종동,경기도 부천시 원종동 316 외 1필지,도원종합건설,도원주택건설,민간,분양,75.0,24,15.0,Mar-24,Apr-24,준공,,37.5231073,126.8083567
부천시,,원종동,경기도 부천시 원종동 316 외 1필지,도원종합건설,도원주택건설,민간,분양,74.0,9,3.0,Mar-24,Apr-24,준공,,37.5231073,126.8083567
부천시,,원종동,경기도 부천시 원종동 316 외 1필지,도원종합건설,도원주택건설,민간,분양,74.0,24,7.0,Mar-24,Apr-24,준공,,37.5231073,126.8083567
부천시,,원종동,경기도 부천시 원종동 316 외 1필지,도원종합건설,도원주택건설,민간,분양,73.0,9,5.0,Mar-24,Apr-24,준공,,37.5231073,126.8083567
부천시,,원종동,경기도 부천시 원종동 316 외 1필지,도원종합건설,도원주택건설,민간,분양,70.0,24,18.0,Mar-24,Apr-24,준공,,37.5231073,126.8083567
부천시,,여월동,경기도 부천시 여월동 9-28번지,이수건설㈜,여월LH참여형 가로주택정비사업조합,민간,분양,59.96,12,4.0,Nov-24,Jan-24,준공,,37.517302,126.8022435
부천시,,원미동,경기도 부천시 원미동 119-2,동문건설,무궁화신탁,민간,분양,61.0,5,5.0,Apr-24,May-24,준공,,37.4920306,126.7892064
부천시,,원미동,경기도 부천시 원미동 119-2,동문건설,무궁화신탁,민간,분양,60.0,2,2.0,Apr-24,May-24,준공,,37.4920306,126.7892064
부천시,,원미동,경기도 부천시 원미동 119-2,동문건설,무궁화신탁,민간,분양,59.0,8,8.0,Apr-24,May-24,준공,,37.4920306,126.7892064
부천시,,원미동,경기도 부천시 원미동 119-2,동문건설,무궁화신탁,민간,분양,59.0,1,1.0,Apr-24,May-24,준공,,37.4920306,126.7892064
부천시,,원미동,경기도 부천시 원미동 119-2,동문건설,무궁화신탁,민간,분양,59.0,12,12.0,Apr-24,May-24,준공,,37.4920306,126.7892064
부천시,,원미동,경기도 부천시 원미동 119-2,동문건설,무궁화신탁,민간,분양,54.0,1,1.0,Apr-24,May-24,준공,,37.4920306,126.7892064
부천시,,원미동,경기도 부천시 원미동 119-2,동문건설,무궁화신탁,민간,분양,51.0,8,8.0,Apr-24,May-24,준공,,37.4920306,126.7892064
부천시,,원미동,경기도 부천시 원미동 119-2,동문건설,무궁화신탁,민간,분양,39.0,1,1.0,Apr-24,May-24,준공,,37.4920306,126.7892064
부천시,,원종동,경기도 부천시 원종동 316 외 1필지,도원종합건설,도원주택건설,민간,분양,70.0,24,17.0,Mar-24,Apr-24,준공,,37.5231073,126.8083567
성남시,중원구,하대원동,경기도 성남시 중원구 하대원동 147-5,대우산업개발주식회사,KB부동산신탁㈜,민간,분양,55.79,3,3.0,May-24,Feb-24,준공,,37.4275951,127.1442912
성남시,중원구,하대원동,경기도 성남시 중원구 하대원동 147-5,대우산업개발주식회사,KB부동산신탁㈜,민간,분양,55.51,6,6.0,May-24,Feb-24,준공,,37.4275951,127.1442912
성남시,중원구,하대원동,경기도 성남시 중원구 하대원동 147-5,대우산업개발주식회사,KB부동산신탁㈜,민간,분양,56.94,1,1.0,May-24,Feb-24,준공,,37.4275951,127.1442912
성남시,중원구,하대원동,경기도 성남시 중원구 하대원동 147-5,대우산업개발주식회사,KB부동산신탁㈜,민간,분양,60.96,1,1.0,May-24,Feb-24,준공,,37.4275951,127.1442912
성남시,중원구,하대원동,경기도 성남시 중원구 하대원동 147-5,대우산업개발주식회사,KB부동산신탁㈜,민간,분양,60.27,6,6.0,May-24,Feb-24,준공,,37.4275951,127.1442912
성남시,중원구,금광동,경기도 성남시 중원구 금광동 4863,㈜중앙건설,코람코자산신탁,민간,분양,61.0,14,3.0,Jun-24,Feb-24,준공,,37.4475095,127.167266
성남시,중원구,금광동,경기도 성남시 중원구 금광동 4863,㈜중앙건설,코람코자산신탁,민간,분양,62.0,1,0.0,Jun-24,Feb-24,준공,,37.4475095,127.167266
성남시,중원구,금광동,경기도 성남시 중원구 금광동 4863,㈜중앙건설,코람코자산신탁,민간,분양,65.0,1,0.0,Jun-24,Feb-24,준공,,37.4475095,127.167266
성남시,중원구,금광동,경기도 성남시 중원구 금광동 4863,㈜중앙건설,코람코자산신탁,민간,분양,66.0,14,7.0,Jun-24,Feb-24,준공,,37.4475095,127.167266
성남시,중원구,금광동,경기도 성남시 중원구 금광동 4863,㈜중앙건설,코람코자산신탁,만간,분양,68.0,11,5.0,Jun-24,Feb-24,준공,,37.4475095,127.167266
성남시,중원구,하대원동,경기도 성남시 중원구 하대원동 147-5,대우산업개발주식회사,KB부동산신탁㈜,민간,분양,35.94,5,4.0,May-24,Feb-24,준공,,37.4275951,127.1442912
성남시,중원구,하대원동,경기도 성남시 중원구 하대원동 147-5,대우산업개발주식회사,KB부동산신탁㈜,민간,분양,35.14,9,6.0,May-24,Feb-24,준공,,37.4275951,127.1442912
성남시,중원구,하대원동,경기도 성남시 중원구 하대원동 147-5,대우산업개발주식회사,KB부동산신탁㈜,민간,분양,46.87,1,0.0,May-24,Feb-24,준공,,37.4275951,127.1442912
성남시,중원구,하대원동,경기도 성남시 중원구 하대원동 147-5,대우산업개발주식회사,KB부동산신탁㈜,민간,분양,48.38,18,17.0,May-24,Feb-24,준공,,37.4275951,127.1442912
성남시,중원구,하대원동,경기도 성남시 중원구 하대원동 147-5,대우산업개발주식회사,KB부동산신탁㈜,민간,분양,50.18,2,2.0,May-24,Feb-24,준공,,37.4275951,127.1442912
성남시,중원구,하대원동,경기도 성남시 중원구 하대원동 147-5,대우산업개발주식회사,KB부동산신탁㈜,민간,분양,51.72,1,1.0,May-24,Feb-24,준공,,37.4275951,127.1442912
성남시,중원구,하대원동,경기도 성남시 중원구 하대원동 147-5,대우산업개발주식회사,KB부동산신탁㈜,민간,분양,51.51,6,6.0,May-24,Feb-24,준공,,37.4275951,127.1442912
성남시,중원구,하대원동,경기도 성남시 중원구 하대원동 147-5,대우산업개발주식회사,KB부동산신탁㈜,민간,분양,51.55,9,9.0,May-24,Feb-24,준공,,37.4275951,127.1442912
성남시,중원구,하대원동,경기도 성남시 중원구 하대원동 147-5,대우산업개발주식회사,KB부동산신탁㈜,민간,분양,52.99,1,1.0,May-24,Feb-24,준공,,37.4275951,127.1442912
성남시,중원구,하대원동,경기도 성남시 중원구 하대원동 147-5,대우산업개발주식회사,KB부동산신탁㈜,민간,분양,54.12,5,5.0,May-24,Feb-24,준공,,37.4275951,127.1442912
수원시,권선구,권선동,경기도 수원시 권선구 오목천동 319-1번지,에스지씨이테크건설,신한자산신탁,민간,분양,84.0,39,17.0,Aug-24,Feb-24,미준공,,37.2458141,126.9643556
수원시,권선구,권선동,경기도 수원시 권선구 오목천동 319-1번지,에스지씨이테크건설,신한자산신탁,민간,분양,84.0,39,27.0,Aug-24,Feb-24,미준공,,37.2458141,126.9643556
수원시,권선구,권선동,경기도 수원시 권선구 오목천동 319-1번지,에스지씨이테크건설,신한자산신탁,민간,분양,84.0,70,57.0,Aug-24,Feb-24,미준공,,37.2458141,126.9643556
수원시,팔달구,권선동,경기도 수원시 권선구 오목천동 319-1번지,에스지씨이테크건설,신한자산신탁,민간,분양,84.0,18,16.0,Aug-24,Feb-24,미준공,,37.2458141,126.9643556
수원시,팔달구,권선동,경기도 수원시 권선구 오목천동 319-1번지,에스지씨이테크건설,신한자산신탁,민간,분양,84.0,18,1.0,Aug-24,Feb-24,미준공,,37.2458141,126.9643556
수원시,권선구,권선동,경기도 수원시 권선구 권선동 1340,HDC현대산업개발,HDC현대산업개발,민간,분양,84.0,25,2.0,Aug-24,Nov-24,미준공,,37.2434994,127.0184012
수원시,권선구,권선동,경기도 수원시 권선구 권선동 1340,HDC현대산업개발,HDC현대산업개발,민간,분양,84.0,51,0.0,Aug-24,Nov-24,미준공,,37.2434994,127.0184012
수원시,권선구,권선동,경기도 수원시 권선구 권선동 1340,HDC현대산업개발,HDC현대산업개발,민간,분양,84.0,24,1.0,Aug-24,Nov-24,미준공,,37.2434994,127.0184012
수원시,권선구,권선동,경기도 수원시 권선구 권선동 1340,HDC현대산업개발,HDC현대산업개발,민간,분양,84.0,28,3.0,Aug-24,Nov-24,미준공,,37.2434994,127.0184012
수원시,팔달구,권선동,경기도 수원시 권선구 오목천동 319-1번지,에스지씨이테크건설,신한자산신탁,민간,분양,84.0,17,2.0,Aug-24,Feb-24,미준공,,37.2458141,126.9643556
시흥시,,논곡동,경기도 시흥시 수인로 2365,진흥기업㈜,㈜미산투자개발,민간,분양,56.0,123,74.0,Jul-24,Jan-24,준공,,37.4108054,126.8290946
시흥시,,논곡동,경기도 시흥시 수인로 2365,진흥기업㈜,㈜미산투자개발,민간,분양,71.0,22,12.0,Jul-24,Jan-24,준공,,37.4108054,126.8290946
안성시,,죽산면,경기도 안성시 죽산면 790번지,남광토건㈜,한국투자부동산신탁㈜,민간,분양,84.0,223,194.0,Jan-24,Nov-24,미준공,,37.0486763,127.4218358
안성시,,죽산면,경기도 안성시 죽산면 790번지,남광토건㈜,한국투자부동산신탁㈜,민간,분양,84.0,76,68.0,Jan-24,Nov-24,미준공,,37.0486763,127.4218358
안성시,,신소현동,경기도 안성시 신소현동 84번지,에스엠상선㈜,한국투자부동산신탁㈜,민간,분양,84.0,660,360.0,Dec-24,Mar-24,미준공,,37.020581,127.257929
안성시,,신소현동,경기도 안성시 신소현동 84번지,에스엠상선㈜,한국투자부동산신탁㈜,민간,분양,84.0,316,166.0,Dec-24,Mar-24,미준공,,37.020581,127.257929
안성시,,죽산면,경기도 안성시 죽산면 790번지,남광토건㈜,한국투자부동산신탁㈜,민간,분양,74.0,20,15.0,Jan-24,Nov-24,미준공,,37.0486763,127.4218358
안성시,,죽산면,경기도 안성시 죽산면 790번지,남광토건㈜,한국투자부동산신탁㈜,민간,분양,74.0,155,92.0,Jan-24,Nov-24,미준공,,37.0486763,127.4218358
안성시,,공도읍,경기도 안성시 공도읍 진사리 33번지 일원,효성중공업㈜,우리자산신탁㈜,민간,분양,100.97,35,16.0,May-24,Mar-24,미준공,,36.9905475,127.1359561
안성시,,공도읍,경기도 안성시 공도읍 진사리 33번지 일원,효성중공업㈜,우리자산신탁㈜,민간,분양,84.97,148,34.0,May-24,Mar-24,미준공,,36.9905475,127.1359561
안성시,,공도읍,경기도 안성시 공도읍 진사리 33번지 일원,효성중공업㈜,우리자산신탁㈜,민간,분양,84.98,293,128.0,May-24,Mar-24,미준공,,36.9905475,127.1359561
안성시,,공도읍,경기도 안성시 공도읍 진사리 33번지 일원,효성중공업㈜,우리자산신탁㈜,민간,분양,74.98,161,1.0,May-24,Mar-24,미준공,,36.9905475,127.1359561
안성시,,공도읍,경기도 안성시 공도읍 진사리 29-13번지 일원,효성중공업㈜,우리자산신탁㈜,민간,분양,100.97,37,1.0,May-24,Mar-24,미준공,,36.9920826,127.1371196
안성시,,공도읍,경기도 안성시 공도읍 진사리 29-13번지 일원,효성중공업㈜,우리자산신탁㈜,민간,분양,84.97,121,10.0,May-24,Mar-24,미준공,,36.9920826,127.1371196
안성시,,공도읍,경기도 안성시 공도읍 진사리 29-13번지 일원,효성중공업㈜,우리자산신탁㈜,민간,분양,84.98,105,24.0,May-24,Mar-24,미준공,,36.9920826,127.1371196
안성시,,공도읍,경기도 안성시 공도읍 진사리 29-13번지 일원,효성중공업㈜,우리자산신탁㈜,민간,분양,74.98,92,2.0,May-24,Mar-24,미준공,,36.9920826,127.1371196
안성시,,공도읍,경기도 안성시 공도읍 양기리 302-2번지,"우방산업㈜, ㈜태길종합건설, 동아건설산업㈜","우방산업㈜, ㈜태길종합건설, 동아건설산업㈜",민간,분양,148.93,2,2.0,Feb-24,Oct-24,미준공,,37.0060957,127.1996815
안성시,,공도읍,경기도 안성시 공도읍 양기리 302-2번지,"우방산업㈜, ㈜태길종합건설, 동아건설산업㈜","우방산업㈜, ㈜태길종합건설, 동아건설산업㈜",민간,분양,84.96,265,0.0,Jan-24,Jan-24,미준공,,37.0060957,127.1996815
안성시,,공도읍,경기도 안성시 공도읍 양기리 302-2번지,"우방산업㈜, ㈜태길종합건설, 동아건설산업㈜","우방산업㈜, ㈜태길종합건설, 동아건설산업㈜",민간,분양,84.94,681,0.0,Jan-24,Jan-24,미준공,,37.0060957,127.1996815
안양시,,동안구,경기도 안양시 동안구 호계동 533-3번지,투탑건설㈜,석수리버하임,민간,분양,42.0,2,2.0,Feb-24,Oct-24,미준공,,37.3739765,126.9532022
안양시,,동안구,경기도 안양시 동안구 호계동 533-3번지,투탑건설㈜,석수리버하임,민간,분양,40.0,2,2.0,Feb-24,Oct-24,미준공,,37.3739765,126.9532022
안양시,,동안구,경기도 안양시 동안구 호계동 533-3번지,투탑건설㈜,석수리버하임,민간,분양,49.0,10,10.0,Feb-24,Oct-24,미준공,,37.3739765,126.9532022
안양시,,동안구,경기도 안양시 동안구 호계동 533-3번지,투탑건설㈜,석수리버하임,민간,분양,48.0,10,10.0,Feb-24,Oct-24,미준공,,37.3739765,126.9532022
안양시,,동안구,경기도 안양시 동안구 호계동 533-3번지,투탑건설㈜,석수리버하임,민간,분양,49.0,10,10.0,Feb-24,Oct-24,미준공,,37.3739765,126.9532022
안양시,,동안구,경기도 안양시 동안구 호계동 533-3번지,투탑건설㈜,석수리버하임,민간,분양,49.0,10,10.0,Feb-24,Oct-24,미준공,,37.3739765,126.9532022
안양시,,동안구,경기도 안양시 동안구 호계동 533-3번지,투탑건설㈜,석수리버하임,민간,분양,49.0,5,5.0,Feb-24,Oct-24,미준공,,37.3739765,126.9532022
안양시,,동안구,경기도 안양시 동안구 호계동 992-1번지,디엘이앤씨㈜,덕현지구 주택재개발정비사업조합,민간,분양,36.0,24,2.0,Dec-24,Nov-24,준공,,37.3740945,126.9608981
안양시,,동안구,경기도 안양시 동안구 호계동 992-1번지,디엘이앤씨㈜,덕현지구 주택재개발정비사업조합,민간,분양,45.0,90,0.0,Dec-24,Nov-24,준공,,37.3740945,126.9608981
안양시,,동안구,경기도 안양시 동안구 호계동 992-1번지,디엘이앤씨㈜,덕현지구 주택재개발정비사업조합,민간,분양,59.0,523,0.0,Dec-24,Nov-24,준공,,37.3740945,126.9608981
안양시,,동안구,경기도 안양시 동안구 호계동 992-1번지,디엘이앤씨㈜,덕현지구 주택재개발정비사업조합,민간,분양,59.0,311,0.0,Dec-24,Nov-24,준공,,37.3740945,126.9608981
안양시,,동안구,경기도 안양시 동안구 호계동 992-1번지,디엘이앤씨㈜,덕현지구 주택재개발정비사업조합,민간,분양,59.0,72,0.0,Dec-24,Nov-24,준공,,37.3740945,126.9608981
안양시,,동안구,경기도 안양시 동안구 호계동 992-1번지,디엘이앤씨㈜,덕현지구 주택재개발정비사업조합,민간,분양,72.0,152,0.0,Dec-24,Nov-24,준공,,37.3740945,126.9608981
안양시,,동안구,경기도 안양시 동안구 호계동 992-1번지,디엘이앤씨㈜,덕현지구 주택재개발정비사업조합,민간,분양,84.0,30,0.0,Dec-24,Nov-24,준공,,37.3740945,126.9608981
안양시,,동안구,경기도 안양시 동안구 호계동 992-1번지,디엘이앤씨㈜,덕현지구 주택재개발정비사업조합,민간,분양,84.0,26,0.0,Dec-24,Nov-24,준공,,37.3740945,126.9608981
안양시,,동안구,경기도 안양시 동안구 호계동 533-3번지,투탑건설㈜,석수리버하임,민간,분양,40.0,2,2.0,Feb-24,Oct-24,미준공,,37.3739765,126.9532022
안양시,,동안구,경기도 안양시 동안구 호계동 533-3번지,디엘건설㈜,㈜케이티앤지,민간,분양,98.0,59,0.0,Feb-24,Oct-24,미준공,,37.3739765,126.9532022
안양시,,동안구,경기도 안양시 동안구 호계동 533-3번지,디엘건설㈜,㈜케이티앤지,민간,분양,84.0,56,0.0,Feb-24,Oct-24,미준공,,37.3739765,126.9532022
안양시,,동안구,경기도 안양시 동안구 호계동 533-3번지,디엘건설㈜,㈜케이티앤지,민간,분양,84.0,17,0.0,Feb-24,Oct-24,미준공,,37.3739765,126.9532022
안양시,,동안구,경기도 안양시 동안구 호계동 533-3번지,디엘건설㈜,㈜케이티앤지,민간,분양,84.0,55,0.0,Feb-24,Oct-24,미준공,,37.3739765,126.9532022
안양시,,동안구,경기도 안양시 동안구 호계동 533-3번지,디엘건설㈜,㈜케이티앤지,민간,분양,79.0,37,1.0,Feb-24,Oct-24,미준공,,37.3739765,126.9532022
안양시,,동안구,경기도 안양시 동안구 호계동 533-3번지,디엘건설㈜,㈜케이티앤지,민간,분양,74.0,18,0.0,Feb-24,Oct-24,미준공,,37.3739765,126.9532022
안양시,,동안구,경기도 안양시 동안구 호계동 533-3번지,디엘건설㈜,㈜케이티앤지,민간,분양,74.0,27,0.0,Feb-24,Oct-24,미준공,,37.3739765,126.9532022
안양시,,동안구,경기도 안양시 동안구 호계동 533-3번지,디엘건설㈜,㈜케이티앤지,민간,분양,59.0,189,0.0,Feb-24,Oct-24,미준공,,37.3739765,126.9532022
안양시,,동안구,경기도 안양시 동안구 호계동 533-3번지,투탑건설㈜,석수리버하임,민간,분양,49.0,10,10.0,Feb-24,Oct-24,미준공,,37.3739765,126.9532022
양주시,,화정동,경기도 양주시 화정동 194-1,에이치엘디앤아이한라(주),㈜무궁화신탁,민간,분양,78.0,114,114.0,Nov-24,Dec-24,미준공,,37.3571977,126.8291074
양주시,,화정동,경기도 양주시 화정동 194-1,에이치엘디앤아이한라(주),㈜무궁화신탁,민간,분양,78.0,65,65.0,Nov-24,Dec-24,미준공,,37.3571977,126.8291074
양주시,,화정동,경기도 양주시 화정동 194-1,에이치엘디앤아이한라(주),㈜무궁화신탁,민간,분양,84.0,184,184.0,Nov-24,Dec-24,미준공,,37.3571977,126.8291074
양주시,,화정동,경기도 양주시 화정동 194-1,에이치엘디앤아이한라(주),㈜무궁화신탁,민간,분양,84.0,64,64.0,Nov-24,Dec-24,미준공,,37.3571977,126.8291074
양주시,,옥정동,경기도 양주시 옥정동 옥정지구D-1BL,㈜케이씨씨건설,㈜하나자신탁,민간,분양,84.0,38,2.0,Nov-24,Mar-24,미준공,,37.8194982,127.1044777
양주시,,옥정동,경기도 양주시 옥정동 옥정지구D-1BL,㈜케이씨씨건설,㈜하나자신탁,민간,분양,84.0,38,14.0,Nov-24,Mar-24,미준공,,37.8194982,127.1044777
양주시,,옥정동,경기도 양주시 옥정동 옥정지구D-1BL,㈜케이씨씨건설,㈜하나자신탁,민간,분양,84.565,15,10.0,Nov-24,Mar-24,미준공,,37.8194982,127.1044777
양주시,,옥정동,경기도 양주시 옥정동 옥정지구D-1BL,㈜케이씨씨건설,㈜하나자신탁,민간,분양,84.0,15,2.0,Nov-24,Mar-24,미준공,,37.8194982,127.1044777
양주시,,옥정동,경기도 양주시 옥정동 옥정지구D-1BL,㈜케이씨씨건설,㈜하나자신탁,민간,분양,84.0,10,1.0,Nov-24,Mar-24,미준공,,37.8194982,127.1044777
양주시,,옥정동,경기도 양주시 옥정동 옥정지구D-1BL,㈜케이씨씨건설,㈜하나자신탁,민간,분양,84.0,10,0.0,Nov-24,Mar-24,미준공,,37.8194982,127.1044777
양주시,,옥정동,경기도 양주시 옥정동 옥정지구D-1BL,㈜케이씨씨건설,㈜하나자신탁,민간,분양,84.0,3,3.0,Nov-24,Mar-24,미준공,,37.8194982,127.1044777
양주시,,옥정동,경기도 양주시 옥정동 옥정지구D-1BL,㈜케이씨씨건설,㈜하나자신탁,민간,분양,84.0,3,3.0,Nov-24,Mar-24,미준공,,37.8194982,127.1044777
양주시,,옥정동,경기도 양주시 옥정동 옥정지구D-1BL,㈜케이씨씨건설,㈜하나자신탁,민간,분양,84.0,3,3.0,Nov-24,Mar-24,미준공,,37.8194982,127.1044777
양주시,,옥정동,경기도 양주시 옥정동 옥정지구D-1BL,㈜케이씨씨건설,㈜하나자신탁,민간,분양,84.0,3,3.0,Nov-24,Mar-24,미준공,,37.8194982,127.1044777
양주시,,옥정동,경기도 양주시 옥정동 옥정지구D-2BL,㈜케이씨씨건설,㈜하나자신탁,민간,분양,84.68,17,8.0,Nov-24,Mar-24,미준공,,37.8194982,127.1044777
양주시,,옥정동,경기도 양주시 옥정동 옥정지구D-2BL,㈜케이씨씨건설,㈜하나자신탁,민간,분양,84.68,21,1.0,Nov-24,Mar-24,미준공,,37.8194982,127.1044777
양주시,,옥정동,경기도 양주시 옥정동 옥정지구D-2BL,㈜케이씨씨건설,㈜하나자신탁,민간,분양,84.68,8,5.0,Nov-24,Mar-24,미준공,,37.8194982,127.1044777
양주시,,옥정동,경기도 양주시 옥정동 옥정지구D-2BL,㈜케이씨씨건설,㈜하나자신탁,민간,분양,84.68,8,7.0,Nov-24,Mar-24,미준공,,37.8194982,127.1044777
양주시,,옥정동,경기도 양주시 옥정동 옥정지구D-2BL,㈜케이씨씨건설,㈜하나자신탁,민간,분양,84.34,8,6.0,Nov-24,Mar-24,미준공,,37.8194982,127.1044777
양주시,,옥정동,경기도 양주시 옥정동 옥정지구D-2BL,㈜케이씨씨건설,㈜하나자신탁,민간,분양,84.68,8,7.0,Nov-24,Mar-24,미준공,,37.8194982,127.1044777
양주시,,옥정동,경기도 양주시 옥정동 옥정지구D-3BL,㈜케이씨씨건설,㈜하나자신탁,민간,분양,84.46,48,3.0,Nov-24,Mar-24,미준공,,37.8194982,127.1044777
양주시,,옥정동,경기도 양주시 옥정동 옥정지구D-3BL,㈜케이씨씨건설,㈜하나자신탁,민간,분양,84.46,48,0.0,Nov-24,Mar-24,미준공,,37.8194982,127.1044777
양주시,,옥정동,경기도 양주시 옥정동 옥정지구D-3BL,㈜케이씨씨건설,㈜하나자신탁,민간,분양,84.46,6,2.0,Nov-24,Mar-24,미준공,,37.8194982,127.1044777
양주시,,옥정동,경기도 양주시 옥정동 옥정지구D-3BL,㈜케이씨씨건설,㈜하나자신탁,민간,분양,84.46,6,2.0,Nov-24,Mar-24,미준공,,37.8194982,127.1044777
양주시,,옥정동,경기도 양주시 옥정동 옥정지구D-3BL,㈜케이씨씨건설,㈜하나자신탁,민간,분양,84.46,5,4.0,Nov-24,Mar-24,미준공,,37.8194982,127.1044777
양주시,,옥정동,경기도 양주시 옥정동 옥정지구D-3BL,㈜케이씨씨건설,㈜하나자신탁,민간,분양,84.46,5,2.0,Nov-24,Mar-24,미준공,,37.8194982,127.1044777
양주시,,옥정동,경기도 양주시 옥정동 옥정지구B-5BL,㈜현대건설,㈜무궁화신탁,민간,분양,84.0,16,9.0,May-24,Jun-24,미준공,,37.8194982,127.1044777
양주시,,옥정동,경기도 양주시 옥정동 옥정지구B-5BL,㈜현대건설,㈜무궁화신탁,민간,분양,84.0,20,10.0,May-24,Jun-24,미준공,,37.8194982,127.1044777
양주시,,옥정동,경기도 양주시 옥정동 옥정지구B-5BL,㈜현대건설,㈜무궁화신탁,민간,분양,84.0,10,0.0,May-24,Jun-24,미준공,,37.8194982,127.1044777
양주시,,옥정동,경기도 양주시 옥정동 옥정지구B-5BL,㈜현대건설,㈜무궁화신탁,민간,분양,84.0,8,3.0,May-24,Jun-24,미준공,,37.8194982,127.1044777
양주시,,옥정동,경기도 양주시 옥정동 옥정지구B-5BL,㈜현대건설,㈜무궁화신탁,민간,분양,84.0,11,9.0,May-24,Jun-24,미준공,,37.8194982,127.1044777
양주시,,옥정동,경기도 양주시 옥정동 옥정지구B-5BL,㈜현대건설,㈜무궁화신탁,민간,분양,84.0,20,10.0,May-24,Jun-24,미준공,,37.8194982,127.1044777
양주시,,옥정동,경기도 양주시 옥정동 옥정지구B-5BL,㈜현대건설,㈜무궁화신탁,민간,분양,84.0,3,0.0,May-24,Jun-24,미준공,,37.8194982,127.1044777
양주시,,옥정동,경기도 양주시 옥정동 옥정지구B-5BL,㈜현대건설,㈜무궁화신탁,민간,분양,84.0,5,0.0,May-24,Jun-24,미준공,,37.8194982,127.1044777
양주시,,옥정동,경기도 양주시 옥정동 옥정지구B-5BL,㈜현대건설,㈜무궁화신탁,민간,분양,84.0,4,2.0,May-24,Jun-24,미준공,,37.8194982,127.1044777
양주시,,옥정동,경기도 양주시 옥정동 옥정지구B-5BL,㈜현대건설,㈜무궁화신탁,민간,분양,84.0,5,4.0,May-24,Jun-24,미준공,,37.8194982,127.1044777
양주시,,옥정동,경기도 양주시 옥정동 옥정지구B-5BL,㈜현대건설,㈜무궁화신탁,민간,분양,84.0,4,1.0,May-24,Jun-24,미준공,,37.8194982,127.1044777
양주시,,옥정동,경기도 양주시 옥정동 옥정지구B-5BL,㈜현대건설,㈜무궁화신탁,민간,분양,84.0,5,5.0,May-24,Jun-24,미준공,,37.8194982,127.1044777
양주시,,옥정동,경기도 양주시 옥정동 옥정지구B-5BL,㈜현대건설,㈜무궁화신탁,민간,분양,84.0,5,0.0,May-24,Jun-24,미준공,,37.8194982,127.1044777
양주시,,옥정동,경기도 양주시 옥정동 옥정지구B-5BL,㈜현대건설,㈜무궁화신탁,민간,분양,84.0,6,0.0,May-24,Jun-24,미준공,,37.8194982,127.1044777
양주시,,옥정동,경기도 양주시 옥정동 옥정지구B-6BL,㈜현대건설,㈜무궁화신탁,민간,분양,84.97,34,13.0,May-24,Jun-24,미준공,,37.8194982,127.1044777
양주시,,옥정동,경기도 양주시 옥정동 옥정지구B-6BL,㈜현대건설,㈜무궁화신탁,민간,분양,84.97,18,14.0,May-24,Jun-24,미준공,,37.8194982,127.1044777
양주시,,옥정동,경기도 양주시 옥정동 옥정지구B-6BL,㈜현대건설,㈜무궁화신탁,민간,분양,84.96,3,0.0,May-24,Jun-24,미준공,,37.8194982,127.1044777
양주시,,옥정동,경기도 양주시 옥정동 옥정지구B-6BL,㈜현대건설,㈜무궁화신탁,민간,분양,84.97,18,14.0,May-24,Jun-24,미준공,,37.8194982,127.1044777
양주시,,옥정동,경기도 양주시 옥정동 옥정지구B-6BL,㈜현대건설,㈜무궁화신탁,민간,분양,84.97,19,14.0,May-24,Jun-24,미준공,,37.8194982,127.1044777
양주시,,옥정동,경기도 양주시 옥정동 옥정지구B-6BL,㈜현대건설,㈜무궁화신탁,민간,분양,84.96,6,3.0,May-24,Jun-24,미준공,,37.8194982,127.1044777
양주시,,옥정동,경기도 양주시 옥정동 옥정지구B-6BL,㈜현대건설,㈜무궁화신탁,민간,분양,84.96,8,,May-24,Jun-24,미준공,,37.8194982,127.1044777
양주시,,옥정동,경기도 양주시 옥정동 옥정지구B-6BL,㈜현대건설,㈜무궁화신탁,민간,분양,84.97,17,0.0,May-24,Jun-24,미준공,,37.8194982,127.1044777
양주시,,옥정동,경기도 양주시 옥정동 옥정지구B-6BL,㈜현대건설,㈜무궁화신탁,민간,분양,84.97,25,0.0,May-24,Jun-24,미준공,,37.8194982,127.1044777
양주시,,옥정동,경기도 양주시 옥정동 옥정지구B-6BL,㈜현대건설,㈜무궁화신탁,민간,분양,84.97,25,0.0,May-24,Jun-24,미준공,,37.8194982,127.1044777
양주시,,옥정동,경기도 양주시 옥정동 옥정지구B-6BL,㈜현대건설,㈜무궁화신탁,민간,분양,84.97,6,0.0,May-24,Jun-24,미준공,,37.8194982,127.1044777
양주시,,옥정동,경기도 양주시 옥정동 옥정지구B-6BL,㈜현대건설,㈜무궁화신탁,민간,분양,84.97,6,0.0,May-24,Jun-24,미준공,,37.8194982,127.1044777
양주시,,옥정동,경기도 양주시 옥정동 옥정지구B-6BL,㈜현대건설,㈜무궁화신탁,민간,분양,84.97,1,0.0,May-24,Jun-24,미준공,,37.8194982,127.1044777
양주시,,옥정동,경기도 양주시 옥정동 옥정지구B-7BL,㈜현대건설,㈜무궁화신탁,민간,분양,84.97,33,12.0,May-24,Jun-24,미준공,,37.8236363,127.0890726
양주시,,옥정동,경기도 양주시 옥정동 옥정지구B-7BL,㈜현대건설,㈜무궁화신탁,민간,분양,84.97,35,14.0,May-24,Jun-24,미준공,,37.8236363,127.0890726
양주시,,옥정동,경기도 양주시 옥정동 옥정지구B-7BL,㈜현대건설,㈜무궁화신탁,민간,분양,84.97,4,0.0,May-24,Jun-24,미준공,,37.8236363,127.0890726
양주시,,옥정동,경기도 양주시 옥정동 옥정지구B-7BL,㈜현대건설,㈜무궁화신탁,민간,분양,84.97,5,1.0,May-24,Jun-24,미준공,,37.8236363,127.0890726
양주시,,옥정동,경기도 양주시 옥정동 옥정지구B-7BL,㈜현대건설,㈜무궁화신탁,민간,분양,84.97,16,10.0,May-24,Jun-24,미준공,,37.8236363,127.0890726
양주시,,옥정동,경기도 양주시 옥정동 옥정지구B-7BL,㈜현대건설,㈜무궁화신탁,민간,분양,84.96,34,11.0,May-24,Jun-24,미준공,,37.8236363,127.0890726
양주시,,옥정동,경기도 양주시 옥정동 옥정지구B-7BL,㈜현대건설,㈜무궁화신탁,민간,분양,84.96,4,1.0,May-24,Jun-24,미준공,,37.8236363,127.0890726
양주시,,옥정동,경기도 양주시 옥정동 옥정지구B-7BL,㈜현대건설,㈜무궁화신탁,민간,분양,84.97,7,2.0,May-24,Jun-24,미준공,,37.8236363,127.0890726
양주시,,옥정동,경기도 양주시 옥정동 옥정지구B-7BL,㈜현대건설,㈜무궁화신탁,민간,분양,84.97,17,0.0,May-24,Jun-24,미준공,,37.8236363,127.0890726
양주시,,옥정동,경기도 양주시 옥정동 옥정지구B-7BL,㈜현대건설,㈜무궁화신탁,민간,분양,84.96,2,0.0,May-24,Jun-24,미준공,,37.8236363,127.0890726
양주시,,옥정동,경기도 양주시 옥정동 옥정지구B-7BL,㈜현대건설,㈜무궁화신탁,민간,분양,84.96,3,,May-24,Jun-24,미준공,,37.8236363,127.0890726
양주시,,옥정동,경기도 양주시 옥정동 옥정지구B-8BL,㈜현대건설,㈜무궁화신탁,민간,분양,84.0,13,0.0,May-24,Jun-24,미준공,,37.8236363,127.0890726
양주시,,옥정동,경기도 양주시 옥정동 옥정지구B-8BL,㈜현대건설,㈜무궁화신탁,민간,분양,84.0,13,0.0,May-24,Jun-24,미준공,,37.8236363,127.0890726
양주시,,옥정동,경기도 양주시 옥정동 옥정지구B-8BL,㈜현대건설,㈜무궁화신탁,민간,분양,84.0,8,0.0,May-24,Jun-24,미준공,,37.8236363,127.0890726
양주시,,옥정동,경기도 양주시 옥정동 옥정지구B-8BL,㈜현대건설,㈜무궁화신탁,민간,분양,84.0,11,0.0,May-24,Jun-24,미준공,,37.8236363,127.0890726
양주시,,옥정동,경기도 양주시 옥정동 옥정지구B-8BL,㈜현대건설,㈜무궁화신탁,민간,분양,84.0,3,0.0,May-24,Jun-24,미준공,,37.8236363,127.0890726
양주시,,옥정동,경기도 양주시 옥정동 옥정지구B-8BL,㈜현대건설,㈜무궁화신탁,민간,분양,84.0,3,0.0,May-24,Jun-24,미준공,,37.8236363,127.0890726
양주시,,옥정동,경기도 양주시 옥정동 옥정지구B-8BL,㈜현대건설,㈜무궁화신탁,민간,분양,84.0,4,0.0,May-24,Jun-24,미준공,,37.8236363,127.0890726
양주시,,옥정동,경기도 양주시 옥정동 옥정지구B-8BL,㈜현대건설,㈜무궁화신탁,민간,분양,84.0,3,1.0,May-24,Jun-24,미준공,,37.8236363,127.0890726
양주시,,옥정동,경기도 양주시 옥정동 옥정지구B-8BL,㈜현대건설,㈜무궁화신탁,민간,분양,84.0,2,0.0,May-24,Jun-24,미준공,,37.8236363,127.0890726
양주시,,옥정동,경기도 양주시 옥정동 옥정지구B-10BL,㈜현대건설,㈜무궁화신탁,민간,분양,84.0,13,0.0,May-24,Jun-24,미준공,,37.8194982,127.1044777
양주시,,옥정동,경기도 양주시 옥정동 옥정지구B-10BL,㈜현대건설,㈜무궁화신탁,민간,분양,84.0,25,0.0,May-24,Jun-24,미준공,,37.8194982,127.1044777
양주시,,옥정동,경기도 양주시 옥정동 옥정지구B-10BL,㈜현대건설,㈜무궁화신탁,민간,분양,84.0,8,0.0,May-24,Jun-24,미준공,,37.8194982,127.1044777
양주시,,옥정동,경기도 양주시 옥정동 옥정지구B-10BL,㈜현대건설,㈜무궁화신탁,민간,분양,84.0,25,0.0,May-24,Jun-24,미준공,,37.8194982,127.1044777
양주시,,옥정동,경기도 양주시 옥정동 옥정지구B-10BL,㈜현대건설,㈜무궁화신탁,민간,분양,84.0,4,1.0,May-24,Jun-24,미준공,,37.8194982,127.1044777
양평군,,양평읍,경기도 양평군 양평읍 공흥리 418,일신건영주식회사,코리아신탁㈜,민간,분양,84.0,48,35.0,Jun-24,Feb-24,미준공,,37.489323,127.504398
양평군,,양서면,경기도 양평군 양서면 용담리 704 (에델바움),대의건설,국제자산신탁㈜,민간,분양,58.0,44,1.0,Nov-24,Nov-24,준공,,37.5433887,127.3254871
양평군,,양평읍,경기도 양평군 양평읍 공흥리 418,일신건영주식회사,코리아신탁㈜,민간,분양,84.0,191,40.0,Jun-24,Feb-24,미준공,,37.489323,127.504398
양평군,,양평읍,경기도 양평군 양평읍 공흥리 418,일신건영주식회사,코리아신탁㈜,민간,분양,74.0,14,0.0,Jun-24,Feb-24,미준공,,37.489323,127.504398
양평군,,양평읍,경기도 양평군 양평읍 공흥리 418,일신건영주식회사,코리아신탁㈜,민간,분양,74.0,20,2.0,Jun-24,Feb-24,미준공,,37.489323,127.504398
양평군,,양평읍,경기도 양평군 양평읍 공흥리 418,일신건영주식회사,코리아신탁㈜,민간,분양,74.0,64,3.0,Jun-24,Feb-24,미준공,,37.489323,127.504398
양평군,,양평읍,경기도 양평군 덕평리 661-7,코오롱글로벌㈜,양평덕평지구지역주택조합,민간,분양,74.0,83,62.0,May-24,Mar-24,미준공,,37.5007321,127.4812385
양평군,,양평읍,경기도 양평군 덕평리 661-7,코오롱글로벌㈜,양평덕평지구지역주택조합,민간,분양,74.0,37,27.0,May-24,Mar-24,미준공,,37.5007321,127.4812385
양평군,,양평읍,경기도 양평군 덕평리 661-7,코오롱글로벌㈜,양평덕평지구지역주택조합,민간,분양,59.0,3,2.0,May-24,Mar-24,미준공,,37.5007321,127.4812385
양평군,,양평읍,경기도 양평군 덕평리 661-7,코오롱글로벌㈜,양평덕평지구지역주택조합,민간,분양,59.0,77,61.0,May-24,Mar-24,미준공,,37.5007321,127.4812385
양평군,,양서면,경기도 양평군 양서면 용담리 704 (에델바움),대의건설,국제자산신탁㈜,민간,분양,51.0,1,1.0,Nov-24,Nov-24,준공,,37.5433887,127.3254871
양평군,,양서면,경기도 양평군 양서면 용담리 704 (에델바움),대의건설,국제자산신탁㈜,민간,분양,45.0,1,1.0,Nov-24,Nov-24,준공,,37.5433887,127.3254871
양평군,,양서면,경기도 양평군 양서면 용담리 704 (에델바움),대의건설,국제자산신탁㈜,민간,분양,58.0,2,1.0,Nov-24,Nov-24,준공,,37.5433887,127.3254871
양평군,,양서면,경기도 양평군 양서면 용담리 704 (에델바움),대의건설,국제자산신탁㈜,민간,분양,58.0,2,1.0,Nov-24,Nov-24,준공,,37.5433887,127.3254871
양평군,,양평읍,경기도 양평군 양평읍 공흥리 418,일신건영주식회사,코리아신탁㈜,민간,분양,84.0,69,40.0,Jun-24,Feb-24,미준공,,37.489323,127.504398
여주시,,교동,경기도 여주군 교동 500-118번지,GS건설㈜,㈜엘에스디,민간,분양,99.0,52,7.0,May-24,Jun-24,미준공,,37.276928,127.628421
여주시,,교동,경기도 여주군 교동 500-118번지,GS건설㈜,㈜엘에스디,민간,분양,136.0,2,1.0,May-24,Jun-24,미준공,,37.276928,127.628421
여주시,,교동,경기도 여주군 교동 500-118번지,GS건설㈜,㈜엘에스디,민간,분양,99.0,52,0.0,May-24,Jun-24,미준공,,37.276928,127.628421
여주시,,교동,경기도 여주군 교동 500-118번지,GS건설㈜,㈜엘에스디,민간,분양,84.0,248,5.0,May-24,Jun-24,미준공,,37.276928,127.628421
여주시,,교동,경기도 여주군 교동 500-118번지,GS건설㈜,㈜엘에스디,민간,분양,84.0,249,0.0,May-24,Jun-24,미준공,,37.276928,127.628421
여주시,,교동,경기도 여주군 교동 500-118번지,GS건설㈜,㈜엘에스디,민간,분양,59.0,81,0.0,May-24,Jun-24,미준공,,37.276928,127.628421
여주시,,교동,경기도 여주군 교동 500-118번지,GS건설㈜,㈜엘에스디,민간,분양,59.0,85,0.0,May-24,Jun-24,미준공,,37.276928,127.628421
연천군,,전곡읍,경기도 연천군 전곡읍 전곡리 85-12,제일건설㈜,보라산업개발주식회사,민간,분양,84.98,147,3.0,Apr-24,Dec-24,미준공,,38.012476,127.0699133
연천군,,전곡읍,경기도 연천군 전곡읍 전곡리 85-12,제일건설㈜,보라산업개발주식회사,민간,분양,84.94,445,6.0,Apr-24,Dec-24,미준공,,38.012476,127.0699133
연천군,,전곡읍,경기도 연천군 전곡읍 전곡리 85-12,제일건설㈜,보라산업개발주식회사,민간,분양,220.4,2,1.0,Apr-24,Dec-24,미준공,,38.012476,127.0699133
연천군,,전곡읍,경기도 연천군 전곡읍 전곡리 85-12,제일건설㈜,보라산업개발주식회사,민간,분양,109.71,45,8.0,Apr-24,Dec-24,미준공,,38.012476,127.0699133
연천군,,전곡읍,경기도 연천군 전곡읍 전곡리 85-12,제일건설㈜,보라산업개발주식회사,민간,분양,108.83,125,28.0,Apr-24,Dec-24,미준공,,38.012476,127.0699133
오산시,,,경기도 오산시 양산동,비공개,비공개,민간,분양,75.0,209,5.0,,Aug-27,미준공,,37.18976749999999,127.0202533
오산시,,,경기도 오산시 양산동,비공개,비공개,민간,분양,59.0,63,0.0,,Aug-27,미준공,,37.18976749999999,127.0202533
오산시,,,경기도 오산시 양산동,비공개,비공개,민간,분양,59.0,63,0.0,,Aug-27,미준공,,37.18976749999999,127.0202533
오산시,,,경기도 오산시 양산동,비공개,비공개,민간,분양,59.0,187,0.0,,Aug-27,미준공,,37.18976749999999,127.0202533
오산시,,,경기도 오산시 탑동 110-1,한신공영㈜,세교피에프브이,민간,분양,99.0,377,155.0,May-24,Mar-24,미준공,,37.1351768,127.0498044
오산시,,,경기도 오산시 탑동 110-1,한신공영㈜,세교피에프브이,민간,분양,84.0,75,0.0,May-24,Mar-24,미준공,,37.1351768,127.0498044
오산시,,,경기도 오산시 탑동 110-1,한신공영㈜,세교피에프브이,민간,분양,84.0,144,0.0,May-24,Mar-24,미준공,,37.1351768,127.0498044
오산시,,,경기도 오산시 탑동 110-1,한신공영㈜,세교피에프브이,민간,분양,74.0,24,0.0,May-24,Mar-24,미준공,,37.1351768,127.0498044
오산시,,,경기도 오산시 탑동 110-1,한신공영㈜,세교피에프브이,민간,분양,74.0,224,0.0,May-24,Mar-24,미준공,,37.1351768,127.0498044
오산시,,,경기도 오산시 양산동,비공개,비공개,민간,분양,75.0,191,3.0,,Aug-27,미준공,,37.18976749999999,127.0202533
오산시,,,경기도 오산시 양산동,비공개,비공개,민간,분양,84.0,646,108.0,,Aug-27,미준공,,37.18976749999999,127.0202533
오산시,,,경기도 오산시 양산동,비공개,비공개,민간,분양,84.0,40,6.0,,Aug-27,미준공,,37.18976749999999,127.0202533
오산시,,,경기도 오산시 양산동,비공개,비공개,민간,분양,84.0,48,12.0,,Aug-27,미준공,,37.18976749999999,127.0202533
오산시,,,경기도 오산시 양산동,비공개,비공개,민간,분양,103.0,46,41.0,,Aug-27,미준공,,37.18976749999999,127.0202533
오산시,,,경기도 오산시 양산동,비공개,비공개,민간,분양,103.0,179,104.0,,Aug-27,미준공,,37.18976749999999,127.0202533
용인시,기흥구,서천동,경기도 용인시 기흥구 서천동 335-2번지,지에스건설,교보자산신탁㈜,민간,분양,84.0,35,0.0,Dec-24,Dec-24,미준공,,37.2468532,127.073448
용인시,기흥구,서천동,경기도 용인시 기흥구 서천동 335-2번지,지에스건설,교보자산신탁㈜,민간,분양,100.0,20,0.0,Dec-24,Dec-24,미준공,,37.2468532,127.073448
용인시,기흥구,언남동,경기도 용인시 기흥구 언남동 384-2번회 1필지,㈜대능종합건설,㈜비에스아이앤씨,민간,분양,48.0,16,4.0,Aug-24,Aug-24,준공,,37.2938204,127.1169612
용인시,기흥구,언남동,경기도 용인시 기흥구 언남동 384-2번회 1필지,㈜대능종합건설,㈜비에스아이앤씨,민간,분양,67.0,16,2.0,Aug-24,Aug-24,준공,,37.2938204,127.1169612
용인시,기흥구,언남동,경기도 용인시 기흥구 언남동 384-2번회 1필지,㈜대능종합건설,㈜비에스아이앤씨,민간,분양,49.0,16,3.0,Aug-24,Aug-24,준공,,37.2938204,127.1169612
용인시,기흥구,언남동,경기도 용인시 기흥구 언남동 384-2번회 1필지,㈜대능종합건설,㈜비에스아이앤씨,민간,분양,41.0,32,5.0,Aug-24,Aug-24,준공,,37.2938204,127.1169612
용인시,수지구,,,00건설,00건설,민간,분양,39.0,11,10.0,Sep-24,May-24,미준공,,,
용인시,수지구,,,00건설,00건설,민간,분양,47.0,13,8.0,Sep-24,May-24,미준공,,,
용인시,수지구,,,00건설,00건설,민간,분양,64.0,13,13.0,Sep-24,May-24,미준공,,,
용인시,수지구,,,00건설,00건설,민간,분양,70.0,30,29.0,Sep-24,May-24,미준공,,,
용인시,기흥구,마북동,경기도 용인시 기흥구 마북동 212-1,동부건설㈜,한국자산신탁㈜,민간,분양,130.0,1,1.0,Aug-24,Oct-24,준공,,37.3032963,127.125632
용인시,기흥구,마북동,경기도 용인시 기흥구 마북동 212-1,동부건설㈜,한국자산신탁㈜,민간,분양,131.0,1,1.0,Aug-24,Oct-24,준공,,37.3032963,127.125632
용인시,기흥구,마북동,경기도 용인시 기흥구 마북동 212-1,동부건설㈜,한국자산신탁㈜,민간,분양,131.0,1,1.0,Aug-24,Oct-24,준공,,37.3032963,127.125632
용인시,기흥구,마북동,경기도 용인시 기흥구 마북동 212-1,동부건설㈜,한국자산신탁㈜,민간,분양,132.0,1,1.0,Aug-24,Oct-24,준공,,37.3032963,127.125632
용인시,기흥구,마북동,경기도 용인시 기흥구 마북동 212-1,동부건설㈜,한국자산신탁㈜,민간,분양,133.0,1,1.0,Aug-24,Oct-24,준공,,37.3032963,127.125632
용인시,기흥구,마북동,경기도 용인시 기흥구 마북동 212-1,동부건설㈜,한국자산신탁㈜,민간,분양,139.0,1,1.0,Aug-24,Oct-24,준공,,37.3032963,127.125632
용인시,처인구,포곡읍,경기도 용인시 처인구 포곡읍 전대리 192-2번지,디더블유대원,디더블유대원,민간,분양,59.0,118,6.0,Nov-24,Jan-00,미준공,,37.2847505,127.2192076
용인시,처인구,포곡읍,경기도 용인시 처인구 포곡읍 전대리 192-2번지,디더블유대원,디더블유대원,민간,분양,59.0,14,0.0,Nov-24,Nov-24,미준공,,37.2847505,127.2192076
용인시,처인구,포곡읍,경기도 용인시 처인구 포곡읍 전대리 192-2번지,디더블유대원,디더블유대원,민간,분양,74.0,62,43.0,Nov-24,Nov-24,미준공,,37.2847505,127.2192076
용인시,처인구,포곡읍,경기도 용인시 처인구 포곡읍 전대리 192-2번지,디더블유대원,디더블유대원,민간,분양,84.0,128,50.0,Nov-24,Nov-24,미준공,,37.2847505,127.2192076
용인시,처인구,포곡읍,경기도 용인시 처인구 포곡읍 전대리 192-2번지,디더블유대원,디더블유대원,민간,분양,84.0,13,12.0,Nov-24,Nov-24,미준공,,37.2847505,127.2192076
용인시,처인구,포곡읍,경기도 용인시 처인구 포곡읍 전대리 192-2번지,디더블유대원,디더블유대원,민간,분양,84.0,13,5.0,Nov-24,Nov-24,미준공,,37.2847505,127.2192076
용인시,,,경기도 용인시 산42-4(공세지구 D3블럭),㈜알비디케이콘스,㈜알비디케이,민간,분양,84.0,34,33.0,,Aug-24,미준공,,37.2361653,127.1891246
용인시,,,경기도 용인시 산42-4(공세지구 D3블럭),㈜알비디케이콘스,㈜알비디케이,민간,분양,84.0,17,17.0,,Aug-24,미준공,,37.2361653,127.1891246
용인시,,,경기도 용인시 산42-4(공세지구 D3블럭),㈜알비디케이콘스,㈜알비디케이,민간,분양,84.0,18,13.0,,Aug-24,미준공,,37.2361653,127.1891246
용인시,,,경기도 용인시 산42-4(공세지구 D3블럭),㈜알비디케이콘스,㈜알비디케이,민간,분양,84.0,9,9.0,,Aug-24,미준공,,37.2361653,127.1891246
용인시,,,경기도 용인시 산42-4(공세지구 D3블럭),㈜알비디케이콘스,㈜알비디케이,민간,분양,84.0,4,3.0,,Aug-24,미준공,,37.2361653,127.1891246
용인시,,,경기도 용인시 산42-4(공세지구 D3블럭),㈜알비디케이콘스,㈜알비디케이,민간,분양,84.0,2,2.0,,Aug-24,미준공,,37.2361653,127.1891246
용인시,,,경기도 용인시 산42-4(공세지구 D3블럭),㈜알비디케이콘스,㈜알비디케이,민간,분양,84.0,9,9.0,,Aug-24,미준공,,37.2361653,127.1891246
용인시,처인구,역북동,경기도 용인시 처인구 역북동 89-25번지,서희건설,서희건설,민간,분양,59.0,29,1.0,Feb-24,Mar-24,미준공,,37.2491194,127.1941166
용인시,처인구,역북동,경기도 용인시 처인구 역북동 89-25번지,서희건설,서희건설,민간,분양,59.0,42,1.0,Feb-24,Mar-24,미준공,,37.2491194,127.1941166
용인시,처인구,역북동,경기도 용인시 처인구 역북동 89-25번지,서희건설,서희건설,민간,분양,74.0,13,1.0,Feb-24,Mar-24,미준공,,37.2491194,127.1941166
용인시,처인구,역북동,경기도 용인시 처인구 역북동 89-25번지,서희건설,서희건설,민간,분양,74.0,2,0.0,Feb-24,Mar-24,미준공,,37.2491194,127.1941166
용인시,처인구,역북동,경기도 용인시 처인구 역북동 89-25번지,서희건설,서희건설,민간,분양,84.0,30,6.0,Feb-24,Mar-24,미준공,,37.2491194,127.1941166
용인시,처인구,역북동,경기도 용인시 처인구 역북동 89-25번지,서희건설,서희건설,민간,분양,84.0,9,3.0,Feb-24,Mar-24,미준공,,37.2491194,127.1941166
용인시,처인구,역북동,경기도 용인시 처인구 역북동 89-25번지,서희건설,서희건설,민간,분양,84.0,9,2.0,Feb-24,Mar-24,미준공,,37.2491194,127.1941166
용인시,처인구,이동읍,경기도 용인시 처인구 이동읍 1267-8외 1,삼정건설산업㈜,㈜이안이앤디,민간,분양,19.0,234,190.0,Aug-24,Aug-24,미준공,,37.1666241,127.2152553
용인시,처인구,이동읍,경기도 용인시 처인구 이동읍 1267-8외 1,삼정건설산업㈜,㈜이안이앤디,민간,분양,25.71,32,25.0,Aug-24,Aug-24,미준공,,37.1666241,127.2152553
용인시,처인구,이동읍,경기도 용인시 처인구 이동읍 1267-8외 1,삼정건설산업㈜,㈜이안이앤디,민간,분양,40.86,10,4.0,Aug-24,Aug-24,미준공,,37.1666241,127.2152553
용인시,기흥구,서천동,경기도 용인시 기흥구 서천동 335-2번지,지에스건설,교보자산신탁㈜,민간,분양,84.0,201,0.0,Dec-24,Dec-24,미준공,,37.2468532,127.073448
용인시,기흥구,서천동,경기도 용인시 기흥구 서천동 335-2번지,지에스건설,교보자산신탁㈜,민간,분양,84.0,109,1.0,Dec-24,Dec-24,미준공,,37.2468532,127.073448
용인시,기흥구,서천동,경기도 용인시 기흥구 서천동 335-2번지,지에스건설,교보자산신탁㈜,민간,분양,84.0,107,0.0,Dec-24,Dec-24,미준공,,37.2468532,127.073448
용인시,수지구,,,00건설,00건설,민간,분양,81.0,21,21.0,Sep-24,May-24,미준공,,,
용인시,수지구,,,00건설,00건설,민간,분양,97.0,2,2.0,Sep-24,May-24,미준공,,,
용인시,수지구,,,00건설,00건설,민간,분양,102.0,4,4.0,Sep-24,May-24,미준공,,,
용인시,기흥구,마북동,경기도 용인시 기흥구 마북동 355-3번지,dl이엔씨,엠디엠,민간,분양,59.0,105,0.0,May-24,Mar-24,미준공,,37.2962256,127.1114622
용인시,기흥구,마북동,경기도 용인시 기흥구 마북동 355-3번지,dl이엔씨,엠디엠,민간,분양,59.0,21,0.0,May-24,Mar-24,미준공,,37.2962256,127.1114622
용인시,기흥구,마북동,경기도 용인시 기흥구 마북동 355-3번지,dl이엔씨,엠디엠,민간,분양,59.0,3,0.0,May-24,Mar-24,미준공,,37.2962256,127.1114622
용인시,기흥구,마북동,경기도 용인시 기흥구 마북동 355-3번지,dl이엔씨,엠디엠,민간,분양,74.0,152,0.0,May-24,Mar-24,미준공,,37.2962256,127.1114622
용인시,기흥구,마북동,경기도 용인시 기흥구 마북동 355-3번지,dl이엔씨,엠디엠,민간,분양,84.0,461,50.0,May-24,Mar-24,미준공,,37.2962256,127.1114622
용인시,기흥구,마북동,경기도 용인시 기흥구 마북동 355-3번지,dl이엔씨,엠디엠,민간,분양,84.0,97,0.0,May-24,Mar-24,미준공,,37.2962256,127.1114622
용인시,기흥구,마북동,경기도 용인시 기흥구 마북동 355-3번지,dl이엔씨,엠디엠,민간,분양,84.0,135,0.0,May-24,Mar-24,미준공,,37.2962256,127.1114622
용인시,기흥구,마북동,경기도 용인시 기흥구 마북동 355-3번지,dl이엔씨,엠디엠,민간,분양,84.0,21,0.0,May-24,Mar-24,미준공,,37.2962256,127.1114622
용인시,기흥구,마북동,경기도 용인시 기흥구 마북동 355-3번지,dl이엔씨,엠디엠,민간,분양,84.0,2,0.0,May-24,Mar-24,미준공,,37.2962256,127.1114622
용인시,기흥구,마북동,경기도 용인시 기흥구 마북동 355-3번지,dl이엔씨,엠디엠,민간,분양,84.0,2,0.0,May-24,Mar-24,미준공,,37.2962256,127.1114622
용인시,기흥구,마북동,경기도 용인시 기흥구 마북동 212-1,동부건설㈜,한국자산신탁㈜,민간,분양,84.0,17,1.0,Aug-24,Oct-24,준공,,37.3032963,127.125632
용인시,기흥구,마북동,경기도 용인시 기흥구 마북동 212-1,동부건설㈜,한국자산신탁㈜,민간,분양,84.0,25,0.0,Aug-24,Oct-24,준공,,37.3032963,127.125632
용인시,기흥구,마북동,경기도 용인시 기흥구 마북동 212-1,동부건설㈜,한국자산신탁㈜,민간,분양,84.0,1,1.0,Aug-24,Oct-24,준공,,37.3032963,127.125632
용인시,기흥구,마북동,경기도 용인시 기흥구 마북동 212-1,동부건설㈜,한국자산신탁㈜,민간,분양,84.0,6,5.0,Aug-24,Oct-24,준공,,37.3032963,127.125632
용인시,기흥구,마북동,경기도 용인시 기흥구 마북동 212-1,동부건설㈜,한국자산신탁㈜,민간,분양,84.0,1,1.0,Aug-24,Oct-24,준공,,37.3032963,127.125632
용인시,기흥구,마북동,경기도 용인시 기흥구 마북동 212-1,동부건설㈜,한국자산신탁㈜,민간,분양,84.0,11,0.0,Aug-24,Oct-24,준공,,37.3032963,127.125632
용인시,기흥구,마북동,경기도 용인시 기흥구 마북동 212-1,동부건설㈜,한국자산신탁㈜,민간,분양,84.0,13,7.0,Aug-24,Oct-24,준공,,37.3032963,127.125632
용인시,기흥구,마북동,경기도 용인시 기흥구 마북동 212-1,동부건설㈜,한국자산신탁㈜,민간,분양,84.0,16,1.0,Aug-24,Oct-24,준공,,37.3032963,127.125632
용인시,기흥구,마북동,경기도 용인시 기흥구 마북동 212-1,동부건설㈜,한국자산신탁㈜,민간,분양,84.0,16,2.0,Aug-24,Oct-24,준공,,37.3032963,127.125632
용인시,기흥구,마북동,경기도 용인시 기흥구 마북동 212-1,동부건설㈜,한국자산신탁㈜,민간,분양,84.0,18,2.0,Aug-24,Oct-24,준공,,37.3032963,127.125632
용인시,기흥구,마북동,경기도 용인시 기흥구 마북동 212-1,동부건설㈜,한국자산신탁㈜,민간,분양,84.0,18,0.0,Aug-24,Oct-24,준공,,37.3032963,127.125632
용인시,기흥구,마북동,경기도 용인시 기흥구 마북동 212-1,동부건설㈜,한국자산신탁㈜,민간,분양,84.0,1,1.0,Aug-24,Oct-24,준공,,37.3032963,127.125632
용인시,기흥구,마북동,경기도 용인시 기흥구 마북동 212-1,동부건설㈜,한국자산신탁㈜,민간,분양,84.0,13,2.0,Aug-24,Oct-24,준공,,37.3032963,127.125632
용인시,기흥구,마북동,경기도 용인시 기흥구 마북동 212-1,동부건설㈜,한국자산신탁㈜,민간,분양,84.0,7,0.0,Aug-24,Oct-24,준공,,37.3032963,127.125632
용인시,기흥구,마북동,경기도 용인시 기흥구 마북동 212-1,동부건설㈜,한국자산신탁㈜,민간,분양,84.0,1,1.0,Aug-24,Oct-24,준공,,37.3032963,127.125632
용인시,기흥구,마북동,경기도 용인시 기흥구 마북동 212-1,동부건설㈜,한국자산신탁㈜,민간,분양,118.0,1,1.0,Aug-24,Oct-24,준공,,37.3032963,127.125632
의정부시,,금오동,경기도 의정부시 금오동 369-1,대우건설㈜,우리자산신탁㈜,민간,분양,110.0,82,0.0,Nov-24,Dec-24,미준공,,37.74604890000001,127.0560741
의정부시,,의정부동,경기도 의정부시 의정부동 248-3,㈜포스코이앤씨,㈜링크시티피에프브이,민간,분양,84.0,170,0.0,Nov-24,Oct-24,미준공,,37.7425828,127.0408759
의정부시,,금오동,경기도 의정부시 금오동 369-1,대우건설㈜,우리자산신탁㈜,민간,분양,108.0,82,0.0,Nov-24,Dec-24,미준공,,37.74604890000001,127.0560741
의정부시,,금오동,경기도 의정부시 금오동 369-1,대우건설㈜,우리자산신탁㈜,민간,분양,84.0,82,0.0,Nov-24,Dec-24,미준공,,37.74604890000001,127.0560741
의정부시,,금오동,경기도 의정부시 금오동 369-1,대우건설㈜,우리자산신탁㈜,민간,분양,84.0,123,0.0,Nov-24,Dec-24,미준공,,37.74604890000001,127.0560741
의정부시,,금오동,경기도 의정부시 금오동 369-1,대우건설㈜,우리자산신탁㈜,민간,분양,84.0,41,0.0,Nov-24,Dec-24,미준공,,37.74604890000001,127.0560741
의정부시,,금오동,경기도 의정부시 금오동 369-1,대우건설㈜,우리자산신탁㈜,민간,분양,84.0,246,0.0,Nov-24,Dec-24,미준공,,37.74604890000001,127.0560741
의정부시,,용현동,경기도 의정부시 용현동 산32외 51필지,현대엔지니어링㈜,신영부동산신탁㈜,민간,분양,84.0,77,11.0,Jun-24,Aug-24,미준공,,37.7367964,127.0764599
의정부시,,용현동,경기도 의정부시 용현동 산32외 51필지,현대엔지니어링㈜,신영부동산신탁㈜,민간,분양,84.0,132,10.0,Jun-24,Aug-24,미준공,,37.7367964,127.0764599
의정부시,,용현동,경기도 의정부시 용현동 산32외 51필지,현대엔지니어링㈜,신영부동산신탁㈜,민간,분양,74.0,77,11.0,Jun-24,Aug-24,미준공,,37.7367964,127.0764599
의정부시,,용현동,경기도 의정부시 용현동 산32외 51필지,현대엔지니어링㈜,신영부동산신탁㈜,민간,분양,74.0,118,10.0,Jun-24,Aug-24,미준공,,37.7367964,127.0764599
의정부시,,용현동,경기도 의정부시 용현동 산32외 51필지,현대엔지니어링㈜,신영부동산신탁㈜,민간,분양,59.0,63,0.0,Jun-24,Aug-24,미준공,,37.7367964,127.0764599
의정부시,,용현동,경기도 의정부시 용현동 산32외 51필지,현대엔지니어링㈜,신영부동산신탁㈜,민간,분양,59.0,60,0.0,Jun-24,Aug-24,미준공,,37.7367964,127.0764599
의정부시,,용현동,경기도 의정부시 용현동 산32외 51필지,현대엔지니어링㈜,신영부동산신탁㈜,민간,분양,59.0,109,0.0,Jun-24,Aug-24,미준공,,37.7367964,127.0764599
의정부시,,의정부동,경기도 의정부시 의정부동 248-3,㈜포스코이앤씨,㈜링크시티피에프브이,민간,분양,84.0,382,0.0,Nov-24,Oct-24,미준공,,37.7425828,127.0408759
의정부시,,의정부동,경기도 의정부시 의정부동 248-3,㈜포스코이앤씨,㈜링크시티피에프브이,민간,분양,84.0,253,0.0,Nov-24,Oct-24,미준공,,37.7425828,127.0408759
의정부시,,의정부동,경기도 의정부시 의정부동 248-3,㈜포스코이앤씨,㈜링크시티피에프브이,민간,분양,84.0,218,0.0,Nov-24,Oct-24,미준공,,37.7425828,127.0408759
의정부시,,의정부동,경기도 의정부시 의정부동 248-3,㈜포스코이앤씨,㈜링크시티피에프브이,민간,분양,84.0,35,0.0,Nov-24,Oct-24,미준공,,37.7425828,127.0408759
의정부시,,의정부동,경기도 의정부시 의정부동 248-3,㈜포스코이앤씨,㈜링크시티피에프브이,민간,분양,112.0,339,0.0,Nov-24,Oct-24,미준공,,37.7425828,127.0408759
의정부시,,의정부동,경기도 의정부시 의정부동 248-3,㈜포스코이앤씨,㈜링크시티피에프브이,민간,분양,162.0,2,0.0,Nov-24,Oct-24,미준공,,37.7425828,127.0408759
의정부시,,의정부동,경기도 의정부시 의정부동 248-3,㈜포스코이앤씨,㈜링크시티피에프브이,민간,분양,165.0,2,0.0,Nov-24,Oct-24,미준공,,37.7425828,127.0408759
의정부시,,의정부동,경기도 의정부시 의정부동 436-4번지 외 2필지(스카이파크),진산건설㈜,㈜드림개발,민간,분양,19.6,12,1.0,Mar-24,Apr-24,준공,,37.7377486,127.0501659
의정부시,,신곡동,경기도 의정부시 신곡동 고산 공공주택지구 C2블럭(신곡동 1-2)(대광로제비앙),(주)대광건영,㈜대광건영,민간,분양,84.93,622,1.0,Oct-24,Apr-24,준공,,37.7529186,127.0810567
의정부시,,의정부동,경기도 의정부시 의정부동 98-4 외 1필지(공간라움),㈜공간종합건설,㈜공간종합건설,민간,분양,66.69,17,2.0,Aug-24,Sep-24,준공,,37.734088,127.0490816
의정부시,,의정부동,경기도 의정부시 의정부동 131-23번지,㈜디오시종합건설,나이키빌,민간,분양,41.0,18,18.0,Feb-24,Mar-24,준공,,37.7377486,127.0501659
의정부시,,의정부동,경기도 의정부시 의정부동 131-23번지,㈜디오시종합건설,나이키빌,민간,분양,23.0,18,18.0,Feb-24,Mar-24,준공,,37.7377486,127.0501659
의정부시,,의정부동,경기도 의정부시 의정부동 131-23번지,㈜디오시종합건설,나이키빌,민간,분양,39.0,18,18.0,Feb-24,Mar-24,준공,,37.7377486,127.0501659
의정부시,,의정부동,경기도 의정부시 의정부동 131-23번지,㈜디오시종합건설,나이키빌,민간,분양,20.0,17,17.0,Feb-24,Mar-24,준공,,37.7377486,127.0501659
의정부시,,의정부동,경기도 의정부시 의정부동 131-23번지,㈜디오시종합건설,나이키빌,민간,분양,20.0,17,13.0,Feb-24,Mar-24,준공,,37.7377486,127.0501659
의정부시,,의정부동,경기도 의정부시 의정부동 131-23번지,㈜디오시종합건설,나이키빌,민간,분양,28.0,18,16.0,Feb-24,Mar-24,준공,,37.7377486,127.0501659
의정부시,,의정부동,경기도 의정부시 의정부동 131-23번지,㈜디오시종합건설,나이키빌,민간,분양,43.0,1,1.0,Feb-24,Mar-24,준공,,37.7377486,127.0501659
의정부시,,의정부동,경기도 의정부시 의정부동 146-5,㈜부성종합건설,교보자산신탁㈜,민간,분양,84.32,109,1.0,Nov-24,Dec-24,미준공,,37.73779469999999,127.0513759
의정부시,,의정부동,경기도 의정부시 의정부동 491-5,스마트중앙건설㈜,㈜무궁화신탁,민간,분양,65.44,60,0.0,Feb-24,Aug-24,미준공,,37.7376547,127.0395444
의정부시,,의정부동,경기도 의정부시 의정부동 127-4,신동아건설㈜,㈜하나자신탁,민간,분양,84.9,63,50.0,Jul-24,Mar-24,미준공,,37.7346827,127.0489486
이천시,,안흥동,경기도 이천시 안흥동 27-1,서희건설,안흥동지역주택조합,민간,민간,84.98,107,89.0,Feb-24,Jan-24,미준공,,37.2722056,127.4656284
이천시,,안흥동,경기도 이천시 안흥동 27-1,서희건설,안흥동지역주택조합,민간,민간,84.98,178,134.0,Feb-24,Jan-24,미준공,,37.2722056,127.4656284
이천시,,안흥동,경기도 이천시 안흥동 27-1,서희건설,안흥동지역주택조합,민간,민간,84.98,62,46.0,Feb-24,Jan-24,미준공,,37.2722056,127.4656284
이천시,,안흥동,경기도 이천시 안흥동 226-2외 16필지 (롯데캐슬 페라즈 스카이),롯데건설㈜,아시아신탁㈜,민간,분양,142.15,3,3.0,Jul-24,Apr-24,미준공,,37.2746588,127.4616957
이천시,,비공개,,비공개,비공개,민간,민간,117.992,88,40.0,May-24,Apr-24,미준공,,,
이천시,,비공개,,비공개,비공개,민간,민간,84.0,94,62.0,May-24,Apr-24,미준공,,,
이천시,,비공개,,비공개,비공개,민간,민간,185.72,2,1.0,May-24,Apr-24,미준공,,,
이천시,,비공개,,비공개,비공개,민간,민간,84.0,327,169.0,May-24,Apr-24,미준공,,,
이천시,,비공개,,비공개,비공개,민간,민간,122.45,43,5.0,Feb-24,Jan-24,미준공,,,
이천시,,비공개,,비공개,비공개,민간,민간,84.957,224,211.0,Feb-24,Jan-24,미준공,,,
이천시,,비공개,,비공개,비공개,민간,민간,84.98,267,251.0,Feb-24,Jan-24,미준공,,,
이천시,,비공개,,비공개,비공개,민간,민간,84.936,267,204.0,Feb-24,Jan-24,미준공,,,
이천시,,비공개,,비공개,비공개,민간,민간,84.0,124,86.0,May-24,Apr-24,미준공,,,
파주시,,문산읍,경기도 파주시 문산읍 당동리 947일원,㈜한양,㈜한국자산신탁,민간,분양,101.81,136,1.0,Jun-24,Oct-24,준공,,37.8655888,126.7738229
평택시,,장안동,경기도 평택시 장안동,㈜대광건영,브레인시티5피에프브이㈜,민간,분양,84.0,606,176.0,,Jan-27,미준공,,37.0584351,127.0859185
평택시,,장안동,경기도 평택시 장안동,㈜대광건영,브레인시티5피에프브이㈜,민간,분양,84.0,136,44.0,,Jan-27,미준공,,37.0584351,127.0859185
평택시,,장안동,경기도 평택시 장안동,㈜대광건영,브레인시티5피에프브이㈜,민간,분양,84.0,102,3.0,,Jan-27,미준공,,37.0584351,127.0859185
평택시,,현덕면,경기도 평택시 화양지구 9-2bl,㈜대우건설,교보자산신탁㈜,민간,분양,74.0,99,13.0,,Nov-26,미준공,,36.9748222,126.906089
평택시,,현덕면,경기도 평택시 화양지구 9-2bl,㈜대우건설,교보자산신탁㈜,민간,분양,74.0,100,22.0,,Nov-26,미준공,,36.9748222,126.906089
평택시,,현덕면,경기도 평택시 화양지구 9-2bl,㈜대우건설,교보자산신탁㈜,민간,분양,84.0,431,128.0,,Nov-26,미준공,,36.9748222,126.906089
평택시,,현덕면,경기도 평택시 화양지구 9-2bl,㈜대우건설,교보자산신탁㈜,민간,분양,84.0,110,66.0,,Nov-26,미준공,,36.9748222,126.906089
평택시,,현덕면,경기도 평택시 화양지구 9-2bl,㈜대우건설,교보자산신탁㈜,민간,분양,84.0,103,65.0,,Nov-26,미준공,,36.9748222,126.906089
평택시,,현덕면,경기도 평택시 화양지구 9-2bl,㈜대우건설,교보자산신탁㈜,민간,분양,122.0,4,2.0,,Nov-26,미준공,,36.9748222,126.906089
평택시,,현덕면,경기도 평택시 화양지구 9-2bl,㈜대우건설,교보자산신탁㈜,민간,분양,122.0,4,0.0,,Nov-26,미준공,,36.9748222,126.906089
평택시,,가재동,경기도 평택시 가재동l,효성중공업㈜,평택가재피에프브이㈜,민간,분양,84.0,809,2.0,,Feb-27,미준공,,37.0446132,127.0831388
평택시,,가재동,경기도 평택시 가재동l,효성중공업㈜,평택가재피에프브이㈜,민간,분양,84.0,240,2.0,,Feb-27,미준공,,37.0446132,127.0831388
평택시,,가재동,경기도 평택시 가재동l,효성중공업㈜,평택가재피에프브이㈜,민간,분양,103.0,160,1.0,,Feb-27,미준공,,37.0446132,127.0831388
평택시,,현덕면,경기도 평택시 현덕면 화양지구 2-1BL,디엘건설㈜,교보자산신탁㈜,민간,분양,59.0,155,0.0,Aug-24,Aug-24,미준공,,36.9748222,126.906089
평택시,,현덕면,경기도 평택시 현덕면 화양지구 2-1BL,디엘건설㈜,교보자산신탁㈜,민간,분양,84.0,638,0.0,Aug-24,Aug-24,미준공,,36.9748222,126.906089
평택시,,현덕면,경기도 평택시 현덕면 화양지구 3BL,㈜서희건설,평택화양센트럴지역주택조합 외 1,민간,분양,84.0,270,2.0,Apr-24,Dec-24,미준공,,36.9748222,126.906089
평택시,,현덕면,경기도 평택시 현덕면 화양지구 3BL,㈜서희건설,평택화양센트럴지역주택조합 외 1,민간,분양,59.0,145,121.0,Apr-24,Dec-24,미준공,,36.9748222,126.906089
평택시,,현덕면,경기도 평택시 현덕면 화양지구 3BL,㈜서희건설,평택화양센트럴지역주택조합 외 1,민간,분양,59.0,84,79.0,Apr-24,Dec-24,미준공,,36.9748222,126.906089
평택시,,현덕면,경기도 평택시 현덕면 화양지구 3BL,㈜서희건설,평택화양센트럴지역주택조합 외 1,민간,분양,84.0,161,148.0,Aug-24,Aug-24,미준공,,36.9748222,126.906089
평택시,,현덕면,경기도 평택시 현덕면 화양지구 4BL,디엘건설㈜,교보자산신탁㈜,민간,분양,59.0,98,0.0,Aug-24,Aug-24,미준공,,36.9748222,126.906089
평택시,,현덕면,경기도 평택시 현덕면 화양지구 4BL,디엘건설㈜,교보자산신탁㈜,민간,분양,74.0,194,0.0,Aug-24,Aug-24,미준공,,36.9748222,126.906089
평택시,,현덕면,경기도 평택시 현덕면 화양지구 4BL,디엘건설㈜,교보자산신탁㈜,민간,분양,84.0,465,0.0,Aug-24,Aug-24,미준공,,36.9748222,126.906089
평택시,,현덕면,경기도 평택시 현덕면 화양지구 4BL,디엘건설㈜,교보자산신탁㈜,민간,분양,84.0,159,1.0,Aug-24,Aug-24,미준공,,36.9748222,126.906089
평택시,,현덕면,경기도 평택시 현덕면 화양지구 7BL,㈜한화건설,교보자산신탁㈜,민간,분양,74.0,78,0.0,Oct-24,Aug-24,미준공,,36.9748222,126.906089
평택시,,현덕면,경기도 평택시 현덕면 화양지구 7BL,㈜한화건설,교보자산신탁㈜,민간,분양,74.0,75,0.0,Oct-24,Aug-24,미준공,,36.9748222,126.906089
평택시,,현덕면,경기도 평택시 현덕면 화양지구 7BL,㈜한화건설,교보자산신탁㈜,민간,분양,74.0,75,0.0,Oct-24,Aug-24,미준공,,36.9748222,126.906089
평택시,,현덕면,경기도 평택시 현덕면 화양지구 7BL,㈜한화건설,교보자산신탁㈜,민간,분양,74.0,53,0.0,Oct-24,Aug-24,미준공,,36.9748222,126.906089
평택시,,현덕면,경기도 평택시 현덕면 화양지구 7BL,㈜한화건설,교보자산신탁㈜,민간,분양,84.0,205,0.0,Oct-24,Aug-24,미준공,,36.9748222,126.906089
평택시,,현덕면,경기도 평택시 현덕면 화양지구 7BL,㈜한화건설,교보자산신탁㈜,민간,분양,84.0,363,4.0,Oct-24,Aug-24,미준공,,36.9748222,126.906089
평택시,,현덕면,경기도 평택시 현덕면 화양지구 7BL,㈜한화건설,교보자산신탁㈜,민간,분양,99.0,146,0.0,Oct-24,Aug-24,미준공,,36.9748222,126.906089
평택시,,현덕면,경기도 평택시 현덕면 화양지구 5BL,현대엔지니어링㈜,신한자산신탁㈜,민간,분양,72.0,149,1.0,Nov-24,Aug-24,미준공,,36.9748222,126.906089
평택시,,현덕면,경기도 평택시 현덕면 화양지구 5BL,현대엔지니어링㈜,신한자산신탁㈜,민간,분양,76.0,76,1.0,Nov-24,Aug-24,미준공,,36.9748222,126.906089
평택시,,현덕면,경기도 평택시 현덕면 화양지구 5BL,현대엔지니어링㈜,신한자산신탁㈜,민간,분양,84.0,929,12.0,Nov-24,Aug-24,미준공,,36.9748222,126.906089
평택시,,현덕면,경기도 평택시 현덕면 화양지구 5BL,현대엔지니어링㈜,신한자산신탁㈜,민간,분양,84.0,315,35.0,Nov-24,Aug-24,미준공,,36.9748222,126.906089
평택시,,현덕면,경기도 평택시 현덕면 화양지구 5BL,현대엔지니어링㈜,신한자산신탁㈜,민간,분양,84.0,102,22.0,Nov-24,Aug-24,미준공,,36.9748222,126.906089
평택시,,현덕면,경기도 평택시 현덕면,미공개,미공개,민간,분양,84.0,530,512.0,Feb-24,Aug-24,미준공,,36.9449799,126.9322677
평택시,,현덕면,경기도 평택시 현덕면,미공개,미공개,민간,분양,84.0,139,126.0,Feb-24,Aug-24,미준공,,36.9449799,126.9322677
평택시,,현덕면,경기도 평택시 현덕면,미공개,미공개,민간,분양,107.0,84,47.0,Feb-24,Aug-24,미준공,,36.9449799,126.9322677
평택시,,가재동,경기도 평택시 가재지구 2bl,제일건설㈜,㈜씨지주택,민간,분양,84.0,819,32.0,Jun-24,May-24,미준공,,37.0402892,127.0737921
평택시,,가재동,경기도 평택시 가재지구 2bl,제일건설㈜,㈜씨지주택,민간,분양,84.0,162,7.0,Jun-24,May-24,미준공,,37.0402892,127.0737921
평택시,,가재동,경기도 평택시 가재지구 2bl,제일건설㈜,㈜씨지주택,민간,분양,103.0,171,1.0,Jun-24,May-24,미준공,,37.0402892,127.0737921
평택시,,현덕면,경기도 평택시 현덕면 화양지구 9-1bl,㈜신영씨앤디,신영화양지구개발피에프브이,민간,분양,84.0,341,307.0,May-24,Apr-24,미준공,,36.9748222,126.906089
평택시,,현덕면,경기도 평택시 현덕면 화양지구 9-1bl,㈜신영씨앤디,신영화양지구개발피에프브이,민간,분양,84.0,300,273.0,May-24,Apr-24,미준공,,36.9748222,126.906089
평택시,,현덕면,경기도 평택시 현덕면 화양지구 9-1bl,㈜신영씨앤디,신영화양지구개발피에프브이,민간,분양,84.0,112,100.0,May-24,Apr-24,미준공,,36.9748222,126.906089
평택시,,현덕면,경기도 평택시 현덕면 화양지구 9-1bl,㈜신영씨앤디,신영화양지구개발피에프브이,민간,분양,84.0,246,229.0,May-24,Apr-24,미준공,,36.9748222,126.906089
평택시,,도일동,,비공개,비공개,민간,분양,59.0,465,15.0,,Nov-26,미준공,,,
평택시,,도일동,,비공개,비공개,민간,분양,59.0,103,32.0,,Nov-26,미준공,,,
평택시,,도일동,,비공개,비공개,민간,분양,84.0,1051,731.0,,Nov-26,미준공,,,
평택시,,도일동,,비공개,비공개,민간,분양,84.0,204,126.0,,Nov-26,미준공,,,
평택시,,도일동,,비공개,비공개,민간,분양,84.0,157,119.0,,Nov-26,미준공,,,
평택시,,가재동,경기도 평택시 가재동 450-2,쌍용건설㈜,평택가재피에프비이,민간,분양,84.0,896,0.0,,Jan-27,미준공,,37.0448326,127.0741215
평택시,,가재동,경기도 평택시 가재동 450-2,쌍용건설㈜,평택가재피에프비이,민간,분양,84.0,114,0.0,,Jan-27,미준공,,37.0448326,127.0741215
평택시,,가재동,경기도 평택시 가재동 450-2,쌍용건설㈜,평택가재피에프비이,민간,분양,113.0,330,15.0,,Jan-27,미준공,,37.0448326,127.0741215
평택시,,장안동,경기도 평택시 장안동,㈜대광건영,브레인시티5피에프브이㈜,민간,분양,59.0,234,5.0,,Nov-26,미준공,,37.0584351,127.0859185
평택시,,장안동,경기도 평택시 장안동,㈜대광건영,브레인시티5피에프브이㈜,민간,분양,59.0,104,5.0,,Nov-26,미준공,,37.0584351,127.0859185
포천시,,군내면,경기도 포천시 군내면 용정리 475-1,㈜대광건영,포천대광지역주택조합,민간,분양,59.0,59,10.0,Aug-24,Aug-24,준공,,37.8820365,127.2003612
포천시,,군내면,경기도 포천시 군내면 용정리 475-1,㈜대광건영,포천대광지역주택조합,민간,분양,84.0,57,31.0,Aug-24,Aug-24,준공,,37.8820365,127.2003612
포천시,,군내면,경기도 포천시 군내면 용정리 475-1,㈜대광건영,포천대광지역주택조합,민간,분양,84.0,10,7.0,Aug-24,Aug-24,준공,,37.8820365,127.2003612
포천시,,군내면,경기도 포천시 군내면 용정리 475-1,㈜대광건영,포천대광지역주택조합,민간,분양,59.0,37,18.0,Aug-24,Aug-24,준공,,37.8820365,127.2003612
포천시,,군내면,경기도 포천시 군내면 용정리 475-1,㈜대광건영,포천대광지역주택조합,민간,분양,59.0,52,17.0,Aug-24,Aug-24,준공,,37.8820365,127.2003612
하남시,,망월동,경기도 하남시 망월동 미사지구 C1,㈜동양건설산업,㈜하남파라곤,민간,분양,195.0,2,2.0,May-24,Jul-24,준공,,37.563118,127.192932
화성시,,반송동,경기도 화성시 반송동 동탄택지개발지구16-3블럭외 2,㈜동양건설산업,우**외3인,민간,분양,173.0,66,8.0,Jun-24,Nov-24,준공,,37.2040251,127.066971
화성시,,반송동,경기도 화성시 반송동 동탄택지개발지구16-3블럭외 2,㈜동양건설산업,우**외3인,민간,분양,192.0,42,9.0,Jun-24,Nov-24,준공,,37.2040251,127.066971
화성시,,반송동,경기도 화성시 반송동 동탄택지개발지구16-3블럭외 2,㈜동양건설산업,우**외3인,민간,분양,201.0,70,6.0,Jun-24,Nov-24,준공,,37.2040251,127.066971
화성시,,우정읍,경기도 화성시 조암리 453-2번지,㈜군장종합건설,대한토지신탁,민간,분양,79.97,33,13.0,Sep-24,Nov-24,준공,,37.0833959,126.8104386
화성시,,오산동,경기도 화성시 오산동 동탄2택지개발지구 업무복합3BL,㈜유림E&C,㈜하나자산신탁,민간,분양,96.58,92,1.0,Aug-24,Oct-24,준공,,37.12983699999999,126.9164599
화성시,,오산동,경기도 화성시 오산동 동탄2택지개발지구 16BL,에이치엔아이엔씨㈜,코리아신탁(주),민간,분양,97.0,2,1.0,May-24,Oct-24,미준공,,37.12983699999999,126.9164599
화성시,,오산동,경기도 화성시 오산동 동탄2택지개발지구 16BL,에이치엔아이엔씨㈜,코리아신탁(주),민간,분양,155.0,2,1.0,May-24,Oct-24,미준공,,37.12983699999999,126.9164599
화성시,,오산동,경기도 화성시 오산동 동탄2택지개발지구 16BL,에이치엔아이엔씨㈜,코리아신탁(주),민간,분양,155.0,2,1.0,May-24,Oct-24,미준공,,37.12983699999999,126.9164599
화성시,,새솔동,경기도 화성시  새솔동 송산그린시티 EAA10BL 모아미래도,㈜모아종합건설,㈜미래도건설,민간,분양,84.99,315,1.0,Mar-24,Jun-24,준공,,37.286886,126.8209242
화성시,,새솔동,경기도 화성시  새솔동 송산그린시티 EAA10BL 모아미래도,㈜모아종합건설,㈜미래도건설,민간,분양,99.99,76,1.0,Mar-24,Jun-24,준공,,37.286886,126.8209242
화성시,,봉담읍,경기도 화성시 봉담읍 상리 25-52,㈜대창기업,㈜한국토지신탁,민간,분양,13.31,176,76.0,Feb-24,Feb-24,준공,,37.2187183,126.9481127
화성시,,봉담읍,경기도 화성시 봉담읍 상리 25-52,㈜대창기업,㈜한국토지신탁,민간,분양,13.25,16,9.0,Feb-24,Feb-24,준공,,37.2187183,126.9481127
화성시,,봉담읍,경기도 화성시 봉담읍 상리 25-52,㈜대창기업,㈜한국토지신탁,민간,분양,13.2,16,9.0,Feb-24,Feb-24,준공,,37.2187183,126.9481127
화성시,,봉담읍,경기도 화성시 봉담읍 상리 25-52,㈜대창기업,㈜한국토지신탁,민간,분양,13.91,48,36.0,Feb-24,Feb-24,준공,,37.2187183,126.9481127
화성시,,봉담읍,경기도 화성시 봉담읍 상리 25-52,㈜대창기업,㈜한국토지신탁,민간,분양,13.78,16,16.0,Feb-24,Feb-24,준공,,37.2187183,126.9481127
화성시,,우정읍,경기도 화성시 조암리 453-2번지,㈜군장종합건설,대한토지신탁,민간,분양,59.9,145,35.0,Sep-24,Nov-24,준공,,37.0833959,126.8104386
화성시,,우정읍,경기도 화성시 조암리 453-2번지,㈜군장종합건설,대한토지신탁,민간,분양,59.98,37,15.0,Sep-24,Nov-24,준공,,37.0833959,126.8104386
화성시,,우정읍,경기도 화성시 조암리 453-2번지,㈜군장종합건설,대한토지신탁,민간,분양,79.92,9,4.0,Sep-24,Nov-24,준공,,37.0833959,126.8104386
화성시,,반송동,경기도 화성시 반송동 동탄택지개발지구16-3블럭외 2,㈜동양건설산업,우**외3인,민간,분양,170.0,46,6.0,Jun-24,Nov-24,준공,,37.2040251,127.066971
화성시,,반송동,경기도 화성시 반송동 동탄택지개발지구16-3블럭외 2,㈜동양건설산업,우**외3인,민간,분양,159.0,42,1.0,Jun-24,Nov-24,준공,,37.2040251,127.066971
화성시,,향남읍,경기도 화성시 향남읍 상신지구 A1-1블럭,(주)한양,코리아신탁(주),민간,분양,84.0,12,5.0,May-24,Feb-24,미준공,,37.0987294,126.902601
화성시,,향남읍,경기도 화성시 향남읍 상신지구 A1-1블럭,(주)한양,코리아신탁(주),민간,분양,84.0,10,2.0,May-24,Feb-24,미준공,,37.0987294,126.902601
화성시,,향남읍,경기도 화성시 향남읍 상신지구 A1-1블럭,(주)한양,코리아신탁(주),민간,분양,84.0,97,4.0,May-24,Feb-24,미준공,,37.0987294,126.902601
화성시,,향남읍,경기도 화성시 향남읍 상신지구 A1-1블럭,(주)한양,코리아신탁(주),민간,분양,61.0,63,5.0,May-24,Feb-24,미준공,,37.0987294,126.902601
화성시,,오산동,경기도 화성시 오산동 동탄2택지개발지구 업무복합3BL,㈜유림E&C,㈜하나자산신탁,민간,분양,84.61,44,1.0,Aug-24,Oct-24,준공,,37.12983699999999,126.9164599
