시군명,관할군구명,관할읍면동명,시공소재지위치,시공사정보,시행사정보,민간공공구분명,임대분양구분명,규모별면적(㎥),총분양가구수(개),당월미분양가구수(개),분양청약일자,입주예정일자,준공여부구분명,비고
고양시,일산동구,풍동,경기도 고양시 일산동구 풍동 655-18번지 일원(요진 Y-HAUS),요진건설산업㈜,요진개발㈜,민간,분양,52,44,0,Mar-24,Apr-24,준공,
고양시,일산동구,풍동,경기도 고양시 일산동구 풍동 655-18번지 일원(요진 Y-HAUS),요진건설산업㈜,요진개발㈜,민간,분양,60,24,0,Mar-24,Apr-24,준공,
고양시,일산동구,풍동,경기도 고양시 일산동구 풍동 655-18번지 일원(요진 Y-HAUS),요진건설산업㈜,요진개발㈜,민간,분양,39.9,74,0,Mar-24,Apr-24,준공,
고양시,덕양구,삼송동,경기도 고양시 덕양구 삼송동 삼송택지개발지구 B-5블럭,㈜대송,㈜생보부동산신탁,민간,분양,84.74,20,16,Jun-24,Nov-24,준공,
고양시,덕양구,삼송동,경기도 고양시 덕양구 삼송동 삼송택지개발지구 B-5블럭,㈜대송,㈜생보부동산신탁,민간,분양,84.63,20,15,Jun-24,Nov-24,준공,
고양시,덕양구,삼송동,경기도 고양시 덕양구 삼송동 삼송택지개발지구 B-5블럭,㈜대송,㈜생보부동산신탁,민간,분양,84.96,40,17,Jun-24,Nov-24,준공,
고양시,덕양구,지축동,경기도 고양시 덕양구 지축동 지축택지개발지구 B-2블록,한림건설㈜,한림건설㈜,민간,분양,84.97,337,3,Sep-24,Jan-24,준공,
고양시,덕양구,지축동,경기도 고양시 덕양구 지축동 지축택지개발지구 B-2블록,한림건설㈜,한림건설㈜,민간,분양,84.98,337,4,Sep-24,Jan-24,준공,
고양시,덕양구,지축동,경기도 고양시 덕양구 지축동 지축택지개발지구 B-2블록,한림건설㈜,한림건설㈜,민간,분양,72.95,214,2,Sep-24,Jan-24,준공,
고양시,덕양구,지축동,경기도 고양시 덕양구 지축동 지축택지개발지구 B-2블록,한림건설㈜,한림건설㈜,민간,분양,72.94,214,1,Sep-24,Jan-24,준공,
고양시,일산동구,풍동,경기도 고양시 일산동구 풍동 655-18번지 일원(요진 Y-HAUS),요진건설산업㈜,요진개발㈜,민간,분양,40,116,8,Mar-24,Apr-24,준공,
광주시,,초월읍,경기도 광주시 쌍동리 252-7번지,"㈜모아종합건설,(주)미래도건선",대영건설산업㈜,민간,분양,84.9,146,2,Aug-24,Jul-24,준공,
광주시,,초월읍,경기도 광주시 쌍동리 252-7번지,"㈜모아종합건설,(주)미래도건선",대영건설산업㈜,민간,분양,74.9,58,2,Aug-24,Jul-24,준공,
광주시,,초월읍,경기도 광주시 쌍동리 252-7번지,"㈜모아종합건설,(주)미래도건선",대영건설산업㈜,민간,분양,74.9,110,1,Aug-24,Jul-24,준공,
광주시,,초월읍,경기도 광주시 쌍동리 252-7번지,"㈜모아종합건설,(주)미래도건선",대영건설산업㈜,민간,분양,84.9,171,1,Aug-24,Jul-24,준공,
김포시,,북변동,경기도 김포시 북변동 329-2,우미건설㈜,북변3구역 주택재개발,민간,분양,84,24,3,May-24,Dec-24,미준공,
김포시,,북변동,경기도 김포시 북변동 329-2,우미건설㈜,북변3구역 주택재개발,민간,분양,84,89,5,May-24,Dec-24,미준공,
김포시,,고촌읍,경기도 김포시 고촌읍 신곡리 1072-2,GS건설㈜,한국투자부동산신탁㈜,민간,분양,63,79,0,Oct-24,Jun-24,미준공,
김포시,,고촌읍,경기도 김포시 고촌읍 신곡리 1072-2,GS건설㈜,한국투자부동산신탁㈜,민간,분양,76,32,1,Oct-24,Jun-24,미준공,
김포시,,고촌읍,경기도 김포시 고촌읍 신곡리 1072-2,GS건설㈜,한국투자부동산신탁㈜,민간,분양,76,117,14,Oct-24,Jun-24,미준공,
김포시,,고촌읍,경기도 김포시 고촌읍 신곡리 1072-2,GS건설㈜,한국투자부동산신탁㈜,민간,분양,84,522,169,Oct-24,Jun-24,미준공,
김포시,,고촌읍,경기도 김포시 고촌읍 신곡리 1072-2,GS건설㈜,한국투자부동산신탁㈜,민간,분양,84,386,155,Oct-24,Jun-24,미준공,
김포시,,고촌읍,경기도 김포시 고촌읍 신곡리 1072-2,GS건설㈜,한국투자부동산신탁㈜,민간,분양,105,161,49,Oct-24,Jun-24,미준공,
김포시,,북변동,경기도 김포시 북변동 329-2,우미건설㈜,북변3구역 주택재개발,민간,분양,84,154,5,May-24,Dec-24,미준공,
김포시,,북변동,경기도 김포시 북변동 329-2,우미건설㈜,북변3구역 주택재개발,민간,분양,74,71,0,May-24,Dec-24,미준공,
김포시,,북변동,경기도 김포시 북변동 329-2,우미건설㈜,북변3구역 주택재개발,민간,분양,74,110,0,May-24,Dec-24,미준공,
김포시,,북변동,경기도 김포시 북변동 329-2,우미건설㈜,북변3구역 주택재개발,민간,분양,59,106,0,May-24,Dec-24,미준공,
김포시,,북변동,경기도 김포시 북변동 329-2,우미건설㈜,북변3구역 주택재개발,민간,분양,59,277,0,May-24,Dec-24,미준공,
김포시,,장기동,경기도 김포시 김포한강신도시 Bc-04BL (김포시 장기동 1894-9),범양건영㈜,온동네디엔아이㈜,민간,분양,84.9,22,2,Aug-24,Jun-24,미준공,
김포시,,장기동,경기도 김포시 김포한강신도시 Bc-04BL (김포시 장기동 1894-9),범양건영㈜,온동네디엔아이㈜,민간,분양,84.9,6,0,Aug-24,Jun-24,미준공,
김포시,,장기동,경기도 김포시 김포한강신도시 Bc-04BL (김포시 장기동 1894-9),범양건영㈜,온동네디엔아이㈜,민간,분양,84.9,6,1,Aug-24,Jun-24,미준공,
김포시,,장기동,경기도 김포시 김포한강신도시 Bc-04BL (김포시 장기동 1894-9),범양건영㈜,온동네디엔아이㈜,민간,분양,84.9,6,0,Aug-24,Jun-24,미준공,
김포시,,장기동,경기도 김포시 김포한강신도시 Bc-04BL (김포시 장기동 1894-9),범양건영㈜,온동네디엔아이㈜,민간,분양,84.9,7,0,Aug-24,Jun-24,미준공,
김포시,,장기동,경기도 김포시 김포한강신도시 Bc-04BL (김포시 장기동 1894-9),범양건영㈜,온동네디엔아이㈜,민간,분양,84.9,7,0,Aug-24,Jun-24,미준공,
김포시,,장기동,경기도 김포시 김포한강신도시 Bc-04BL (김포시 장기동 1894-9),범양건영㈜,온동네디엔아이㈜,민간,분양,84.9,111,8,Aug-24,Jun-24,미준공,
김포시,,장기동,경기도 김포시 김포한강신도시 Bc-04BL (김포시 장기동 1894-9),범양건영㈜,온동네디엔아이㈜,민간,분양,84.9,5,0,Aug-24,Jun-24,미준공,
김포시,,장기동,경기도 김포시 김포한강신도시 Bc-04BL (김포시 장기동 1894-9),범양건영㈜,온동네디엔아이㈜,민간,분양,84.9,66,8,Aug-24,Jun-24,미준공,
김포시,,장기동,경기도 김포시 김포한강신도시 Bc-04BL (김포시 장기동 1894-9),범양건영㈜,온동네디엔아이㈜,민간,분양,84.9,32,2,Aug-24,Jun-24,미준공,
김포시,,장기동,경기도 김포시 김포한강신도시 Bc-04BL (김포시 장기동 1894-9),범양건영㈜,온동네디엔아이㈜,민간,분양,84.9,18,2,Aug-24,Jun-24,미준공,
남양주시,,화도읍,경기도 남양주시 화도읍 마석우리 256-1,극동건설㈜,신유건설,민간,분양,59,86,86,Aug-24,Aug-24,미준공,
남양주시,,화도읍,경기도 남양주시 화도읍 마석우리 256-1,극동건설㈜,신유건설,민간,분양,59,45,45,Aug-24,Aug-24,미준공,
남양주시,,진건읍,경기도 남양주시 진건읍 퇴계원리 102-8,청광건설,주원산업개발,민간,분양,59,26,22,May-24,Sep-24,미준공,
남양주시,,진건읍,경기도 남양주시 진건읍 퇴계원리 102-8,청광건설,주원산업개발,민간,분양,59,13,11,May-24,Sep-24,미준공,
남양주시,,화도읍,경기도 남양주시 화도읍 월산리 81 월산 사랑으로 부영아파트,㈜부영주택,㈜부영주택,민간,분양,148,390,77,May-24,Oct-24,준공,
남양주시,,화도읍,경기도 남양주시 답내리 516-4 답내 사랑으로 부영아파트,㈜부영주택,㈜부영주택,민간,분양,148,148,82,May-24,Oct-24,준공,
남양주시,,다산동,경기도 남양주시 다산동 3473,효성중공업㈜,코리아신탁㈜,민간,분양,84,350,0,Apr-24,Feb-24,미준공,
남양주시,,화도읍,경기도 남양주시 화도읍 마석우리 295-32,신세계건설㈜,에코월드,민간,분양,98,50,12,Jul-24,Sep-24,미준공,
남양주시,,화도읍,경기도 남양주시 화도읍 마석우리 295-32,신세계건설㈜,에코월드,민간,분양,98,25,1,Jul-24,Sep-24,미준공,
남양주시,,화도읍,경기도 남양주시 화도읍 마석우리 295-32,신세계건설㈜,에코월드,민간,분양,98,75,2,Jul-24,Sep-24,미준공,
남양주시,,화도읍,경기도 남양주시 화도읍 마석우리 295-32,신세계건설㈜,에코월드,민간,분양,84,75,0,Jul-24,Sep-24,미준공,
남양주시,,화도읍,경기도 남양주시 화도읍 마석우리 295-32,신세계건설㈜,에코월드,민간,분양,84,25,0,Jul-24,Sep-24,미준공,
남양주시,,금곡동,경기도 남양주시 금곡동 404-20,한신공영㈜,금곡지역주택조합,민간,분양,60,159,1,Jun-24,Feb-24,미준공,
남양주시,,별내동,경기도 남양주시 별내동 999,GS건설,한국자산신탁,민간,분양,84,520,1,Oct-24,Dec-24,미준공,
동두천시,,생연동,경기도 동두천시 생연동 284,㈜이수건설,대한토지신탁,민간,분양,65,92,55,Apr-24,Dec-24,미준공,
동두천시,,생연동,경기도 동두천시 생연동 284,㈜이수건설,대한토지신탁,민간,분양,65,127,73,Apr-24,Dec-24,미준공,
동두천시,,생연동,경기도 동두천시 생연동 284,㈜이수건설,대한토지신탁,민간,분양,65,54,6,Apr-24,Dec-24,미준공,
동두천시,,생연동,경기도 동두천시 생연동 284,㈜이수건설,대한토지신탁,민간,분양,74,4,0,Apr-24,Dec-24,미준공,
동두천시,,생연동,경기도 동두천시 생연동 284,㈜이수건설,대한토지신탁,민간,분양,49,16,5,Apr-24,Dec-24,미준공,
동두천시,,생연동,경기도 동두천시 생연동 284,㈜이수건설,대한토지신탁,민간,분양,49,4,3,Apr-24,Dec-24,미준공,
동두천시,,생연동,경기도 동두천시 생연동 284,㈜이수건설,대한토지신탁,민간,분양,49,13,2,Apr-24,Dec-24,미준공,
동두천시,,생연동,경기도 동두천시 생연동 284,㈜이수건설,대한토지신탁,민간,분양,49,10,0,Apr-24,Dec-24,미준공,
부천시,,소사본동,경기도 부천시 소사본동 70-12일원,한라,한라,민간,분양,60,38,2,May-24,Jan-24,준공,
부천시,,소사본동,경기도 부천시 소사본동 70-12일원,한라,한라,민간,분양,60,26,0,May-24,Jan-24,준공,
부천시,,소사본동,경기도 부천시 소사본동 70-12일원,한라,한라,민간,분양,78,102,32,May-24,Jan-24,준공,
부천시,,괴안동,경기도 부천시 괴안동 117번지,대우산업개발주식회사,삼협연립3차가로주택정비사업/㈜필민,민간,분양,50,14,0,Apr-24,Jul-24,미준공,
부천시,,괴안동,경기도 부천시 괴안동 117번지,대우산업개발주식회사,삼협연립3차가로주택정비사업/㈜필민,민간,분양,60,12,0,Apr-24,Jul-24,미준공,
부천시,,괴안동,경기도 부천시 괴안동 117번지,대우산업개발주식회사,삼협연립3차가로주택정비사업/㈜필민,민간,분양,63,11,1,Apr-24,Jul-24,미준공,
부천시,,괴안동,경기도 부천시 괴안동 117번지,대우산업개발주식회사,삼협연립3차가로주택정비사업/㈜필민,민간,분양,65,13,0,Apr-24,Jul-24,미준공,
부천시,,괴안동,경기도 부천시 괴안동 117번지,대우산업개발주식회사,삼협연립3차가로주택정비사업/㈜필민,민간,분양,70,8,0,Apr-24,Jul-24,미준공,
부천시,,괴안동,경기도 부천시 괴안동 91-1,㈜KCC건설,청암아파트 소규모재건축사업,민간,분양,59,32,14,Dec-24,Feb-24,미준공,
부천시,,괴안동,경기도 부천시 괴안동 91-1,㈜KCC건설,청암아파트 소규모재건축사업,민간,분양,51,18,6,Dec-24,Feb-24,미준공,
부천시,,원종동,경기도 부천시 원종동 476번지,주식회사 더원종합건설,명신아파트 가로주택정비사업,민간,분양,49.91,5,1,Dec-24,Oct-24,준공,
부천시,,원종동,경기도 부천시 원종동 476번지,주식회사 더원종합건설,명신아파트 가로주택정비사업,민간,분양,48.74,10,0,Dec-24,Oct-24,준공,
부천시,,원종동,경기도 부천시 원종동 476번지,주식회사 더원종합건설,명신아파트 가로주택정비사업,민간,분양,52.89,10,0,Dec-24,Oct-24,준공,
부천시,,원종동,경기도 부천시 원종동 476번지,주식회사 더원종합건설,명신아파트 가로주택정비사업,민간,분양,52.97,10,0,Dec-24,Oct-24,준공,
부천시,,여월동,경기도 부천시 여월동 9-28번지,이수건설㈜,여월LH참여형 가로주택정비사업조합,민간,분양,26.95,4,4,Nov-24,Jan-24,준공,
부천시,,여월동,경기도 부천시 여월동 9-28번지,이수건설㈜,여월LH참여형 가로주택정비사업조합,민간,분양,59.95,18,3,Nov-24,Jan-24,준공,
부천시,,여월동,경기도 부천시 여월동 9-28번지,이수건설㈜,여월LH참여형 가로주택정비사업조합,민간,분양,59.93,9,3,Nov-24,Jan-24,준공,
부천시,,소사본동,경기도 부천시 소사본동 70-7 외 6필지,현대아산주식회사,한송건설산업,민간,분양,74,28,1,May-24,Jul-24,준공,
부천시,,소사본동,경기도 부천시 소사본동 70-7 외 6필지,현대아산주식회사,한송건설산업,민간,분양,74,28,0,May-24,Jul-24,준공,
부천시,,소사본동,경기도 부천시 소사본동 70-7 외 6필지,현대아산주식회사,한송건설산업,민간,분양,74,28,0,May-24,Jul-24,준공,
부천시,,소사본동,경기도 부천시 소사본동 70-7 외 6필지,현대아산주식회사,한송건설산업,민간,분양,74,24,0,May-24,Jul-24,준공,
부천시,,소사본동,경기도 부천시 소사본동 70-7 외 6필지,현대아산주식회사,한송건설산업,민간,분양,74,28,0,May-24,Jul-24,준공,
부천시,,소사본동,경기도 부천시 소사본동 70-7 외 6필지,현대아산주식회사,한송건설산업,민간,분양,71,24,0,May-24,Jul-24,준공,
부천시,,원종동,경기도 부천시 원종동 316 외 1필지,도원종합건설,도원주택건설,민간,분양,84,9,6,Mar-24,Apr-24,준공,
부천시,,원종동,경기도 부천시 원종동 316 외 1필지,도원종합건설,도원주택건설,민간,분양,76,9,5,Mar-24,Apr-24,준공,
부천시,,원종동,경기도 부천시 원종동 316 외 1필지,도원종합건설,도원주택건설,민간,분양,75,24,15,Mar-24,Apr-24,준공,
부천시,,원종동,경기도 부천시 원종동 316 외 1필지,도원종합건설,도원주택건설,민간,분양,74,9,3,Mar-24,Apr-24,준공,
부천시,,원종동,경기도 부천시 원종동 316 외 1필지,도원종합건설,도원주택건설,민간,분양,74,24,7,Mar-24,Apr-24,준공,
부천시,,원종동,경기도 부천시 원종동 316 외 1필지,도원종합건설,도원주택건설,민간,분양,73,9,5,Mar-24,Apr-24,준공,
부천시,,원종동,경기도 부천시 원종동 316 외 1필지,도원종합건설,도원주택건설,민간,분양,70,24,18,Mar-24,Apr-24,준공,
부천시,,여월동,경기도 부천시 여월동 9-28번지,이수건설㈜,여월LH참여형 가로주택정비사업조합,민간,분양,59.96,12,4,Nov-24,Jan-24,준공,
부천시,,원미동,경기도 부천시 원미동 119-2,동문건설,무궁화신탁,민간,분양,61,5,5,Apr-24,May-24,준공,
부천시,,원미동,경기도 부천시 원미동 119-2,동문건설,무궁화신탁,민간,분양,60,2,2,Apr-24,May-24,준공,
부천시,,원미동,경기도 부천시 원미동 119-2,동문건설,무궁화신탁,민간,분양,59,8,8,Apr-24,May-24,준공,
부천시,,원미동,경기도 부천시 원미동 119-2,동문건설,무궁화신탁,민간,분양,59,1,1,Apr-24,May-24,준공,
부천시,,원미동,경기도 부천시 원미동 119-2,동문건설,무궁화신탁,민간,분양,59,12,12,Apr-24,May-24,준공,
부천시,,원미동,경기도 부천시 원미동 119-2,동문건설,무궁화신탁,민간,분양,54,1,1,Apr-24,May-24,준공,
부천시,,원미동,경기도 부천시 원미동 119-2,동문건설,무궁화신탁,민간,분양,51,8,8,Apr-24,May-24,준공,
부천시,,원미동,경기도 부천시 원미동 119-2,동문건설,무궁화신탁,민간,분양,39,1,1,Apr-24,May-24,준공,
부천시,,원종동,경기도 부천시 원종동 316 외 1필지,도원종합건설,도원주택건설,민간,분양,70,24,17,Mar-24,Apr-24,준공,
성남시,중원구,하대원동,경기도 성남시 중원구 하대원동 147-5,대우산업개발주식회사,KB부동산신탁㈜,민간,분양,55.79,3,3,May-24,Feb-24,준공,
성남시,중원구,하대원동,경기도 성남시 중원구 하대원동 147-5,대우산업개발주식회사,KB부동산신탁㈜,민간,분양,55.51,6,6,May-24,Feb-24,준공,
성남시,중원구,하대원동,경기도 성남시 중원구 하대원동 147-5,대우산업개발주식회사,KB부동산신탁㈜,민간,분양,56.94,1,1,May-24,Feb-24,준공,
성남시,중원구,하대원동,경기도 성남시 중원구 하대원동 147-5,대우산업개발주식회사,KB부동산신탁㈜,민간,분양,60.96,1,1,May-24,Feb-24,준공,
성남시,중원구,하대원동,경기도 성남시 중원구 하대원동 147-5,대우산업개발주식회사,KB부동산신탁㈜,민간,분양,60.27,6,6,May-24,Feb-24,준공,
성남시,중원구,금광동,경기도 성남시 중원구 금광동 4863,㈜중앙건설,코람코자산신탁,민간,분양,61,14,3,Jun-24,Feb-24,준공,
성남시,중원구,금광동,경기도 성남시 중원구 금광동 4863,㈜중앙건설,코람코자산신탁,민간,분양,62,1,0,Jun-24,Feb-24,준공,
성남시,중원구,금광동,경기도 성남시 중원구 금광동 4863,㈜중앙건설,코람코자산신탁,민간,분양,65,1,0,Jun-24,Feb-24,준공,
성남시,중원구,금광동,경기도 성남시 중원구 금광동 4863,㈜중앙건설,코람코자산신탁,민간,분양,66,14,7,Jun-24,Feb-24,준공,
성남시,중원구,금광동,경기도 성남시 중원구 금광동 4863,㈜중앙건설,코람코자산신탁,만간,분양,68,11,5,Jun-24,Feb-24,준공,
성남시,중원구,하대원동,경기도 성남시 중원구 하대원동 147-5,대우산업개발주식회사,KB부동산신탁㈜,민간,분양,35.94,5,4,May-24,Feb-24,준공,
성남시,중원구,하대원동,경기도 성남시 중원구 하대원동 147-5,대우산업개발주식회사,KB부동산신탁㈜,민간,분양,35.14,9,6,May-24,Feb-24,준공,
성남시,중원구,하대원동,경기도 성남시 중원구 하대원동 147-5,대우산업개발주식회사,KB부동산신탁㈜,민간,분양,46.87,1,0,May-24,Feb-24,준공,
성남시,중원구,하대원동,경기도 성남시 중원구 하대원동 147-5,대우산업개발주식회사,KB부동산신탁㈜,민간,분양,48.38,18,17,May-24,Feb-24,준공,
성남시,중원구,하대원동,경기도 성남시 중원구 하대원동 147-5,대우산업개발주식회사,KB부동산신탁㈜,민간,분양,50.18,2,2,May-24,Feb-24,준공,
성남시,중원구,하대원동,경기도 성남시 중원구 하대원동 147-5,대우산업개발주식회사,KB부동산신탁㈜,민간,분양,51.72,1,1,May-24,Feb-24,준공,
성남시,중원구,하대원동,경기도 성남시 중원구 하대원동 147-5,대우산업개발주식회사,KB부동산신탁㈜,민간,분양,51.51,6,6,May-24,Feb-24,준공,
성남시,중원구,하대원동,경기도 성남시 중원구 하대원동 147-5,대우산업개발주식회사,KB부동산신탁㈜,민간,분양,51.55,9,9,May-24,Feb-24,준공,
성남시,중원구,하대원동,경기도 성남시 중원구 하대원동 147-5,대우산업개발주식회사,KB부동산신탁㈜,민간,분양,52.99,1,1,May-24,Feb-24,준공,
성남시,중원구,하대원동,경기도 성남시 중원구 하대원동 147-5,대우산업개발주식회사,KB부동산신탁㈜,민간,분양,54.12,5,5,May-24,Feb-24,준공,
수원시,권선구,권선동,경기도 수원시 권선구 오목천동 319-1번지,에스지씨이테크건설,신한자산신탁,민간,분양,84,39,17,Aug-24,Feb-24,미준공,
수원시,권선구,권선동,경기도 수원시 권선구 오목천동 319-1번지,에스지씨이테크건설,신한자산신탁,민간,분양,84,39,27,Aug-24,Feb-24,미준공,
수원시,권선구,권선동,경기도 수원시 권선구 오목천동 319-1번지,에스지씨이테크건설,신한자산신탁,민간,분양,84,70,57,Aug-24,Feb-24,미준공,
수원시,팔달구,권선동,경기도 수원시 권선구 오목천동 319-1번지,에스지씨이테크건설,신한자산신탁,민간,분양,84,18,16,Aug-24,Feb-24,미준공,
수원시,팔달구,권선동,경기도 수원시 권선구 오목천동 319-1번지,에스지씨이테크건설,신한자산신탁,민간,분양,84,18,1,Aug-24,Feb-24,미준공,
수원시,권선구,권선동,경기도 수원시 권선구 권선동 1340,HDC현대산업개발,HDC현대산업개발,민간,분양,84,25,2,Aug-24,Nov-24,미준공,
수원시,권선구,권선동,경기도 수원시 권선구 권선동 1340,HDC현대산업개발,HDC현대산업개발,민간,분양,84,51,0,Aug-24,Nov-24,미준공,
수원시,권선구,권선동,경기도 수원시 권선구 권선동 1340,HDC현대산업개발,HDC현대산업개발,민간,분양,84,24,1,Aug-24,Nov-24,미준공,
수원시,권선구,권선동,경기도 수원시 권선구 권선동 1340,HDC현대산업개발,HDC현대산업개발,민간,분양,84,28,3,Aug-24,Nov-24,미준공,
수원시,팔달구,권선동,경기도 수원시 권선구 오목천동 319-1번지,에스지씨이테크건설,신한자산신탁,민간,분양,84,17,2,Aug-24,Feb-24,미준공,
시흥시,,논곡동,경기도 시흥시 수인로 2365,진흥기업㈜,㈜미산투자개발,민간,분양,56,123,74,Jul-24,Jan-24,준공,
시흥시,,논곡동,경기도 시흥시 수인로 2365,진흥기업㈜,㈜미산투자개발,민간,분양,71,22,12,Jul-24,Jan-24,준공,
안성시,,죽산면,경기도 안성시 죽산면 790번지,남광토건㈜,한국투자부동산신탁㈜,민간,분양,84,223,194,Jan-24,Nov-24,미준공,
안성시,,죽산면,경기도 안성시 죽산면 790번지,남광토건㈜,한국투자부동산신탁㈜,민간,분양,84,76,68,Jan-24,Nov-24,미준공,
안성시,,신소현동,경기도 안성시 신소현동 84번지,에스엠상선㈜,한국투자부동산신탁㈜,민간,분양,84,660,360,Dec-24,Mar-24,미준공,
안성시,,신소현동,경기도 안성시 신소현동 84번지,에스엠상선㈜,한국투자부동산신탁㈜,민간,분양,84,316,166,Dec-24,Mar-24,미준공,
안성시,,죽산면,경기도 안성시 죽산면 790번지,남광토건㈜,한국투자부동산신탁㈜,민간,분양,74,20,15,Jan-24,Nov-24,미준공,
안성시,,죽산면,경기도 안성시 죽산면 790번지,남광토건㈜,한국투자부동산신탁㈜,민간,분양,74,155,92,Jan-24,Nov-24,미준공,
안성시,,공도읍,경기도 안성시 공도읍 진사리 33번지 일원,효성중공업㈜,우리자산신탁㈜,민간,분양,100.97,35,16,May-24,Mar-24,미준공,
안성시,,공도읍,경기도 안성시 공도읍 진사리 33번지 일원,효성중공업㈜,우리자산신탁㈜,민간,분양,84.97,148,34,May-24,Mar-24,미준공,
안성시,,공도읍,경기도 안성시 공도읍 진사리 33번지 일원,효성중공업㈜,우리자산신탁㈜,민간,분양,84.98,293,128,May-24,Mar-24,미준공,
안성시,,공도읍,경기도 안성시 공도읍 진사리 33번지 일원,효성중공업㈜,우리자산신탁㈜,민간,분양,74.98,161,1,May-24,Mar-24,미준공,
안성시,,공도읍,경기도 안성시 공도읍 진사리 29-13번지 일원,효성중공업㈜,우리자산신탁㈜,민간,분양,100.97,37,1,May-24,Mar-24,미준공,
안성시,,공도읍,경기도 안성시 공도읍 진사리 29-13번지 일원,효성중공업㈜,우리자산신탁㈜,민간,분양,84.97,121,10,May-24,Mar-24,미준공,
안성시,,공도읍,경기도 안성시 공도읍 진사리 29-13번지 일원,효성중공업㈜,우리자산신탁㈜,민간,분양,84.98,105,24,May-24,Mar-24,미준공,
안성시,,공도읍,경기도 안성시 공도읍 진사리 29-13번지 일원,효성중공업㈜,우리자산신탁㈜,민간,분양,74.98,92,2,May-24,Mar-24,미준공,
안성시,,공도읍,경기도 안성시 공도읍 양기리 302-2번지,"우방산업㈜, ㈜태길종합건설, 동아건설산업㈜","우방산업㈜, ㈜태길종합건설, 동아건설산업㈜",민간,분양,148.93,2,2,Feb-24,Oct-24,미준공,
안성시,,공도읍,경기도 안성시 공도읍 양기리 302-2번지,"우방산업㈜, ㈜태길종합건설, 동아건설산업㈜","우방산업㈜, ㈜태길종합건설, 동아건설산업㈜",민간,분양,84.96,265,0,Jan-24,Jan-24,미준공,
안성시,,공도읍,경기도 안성시 공도읍 양기리 302-2번지,"우방산업㈜, ㈜태길종합건설, 동아건설산업㈜","우방산업㈜, ㈜태길종합건설, 동아건설산업㈜",민간,분양,84.94,681,0,Jan-24,Jan-24,미준공,
안양시,,동안구,경기도 안양시 동안구 호계동 533-3번지,투탑건설㈜,석수리버하임,민간,분양,42,2,2,Feb-24,Oct-24,미준공,
안양시,,동안구,경기도 안양시 동안구 호계동 533-3번지,투탑건설㈜,석수리버하임,민간,분양,40,2,2,Feb-24,Oct-24,미준공,
안양시,,동안구,경기도 안양시 동안구 호계동 533-3번지,투탑건설㈜,석수리버하임,민간,분양,49,10,10,Feb-24,Oct-24,미준공,
안양시,,동안구,경기도 안양시 동안구 호계동 533-3번지,투탑건설㈜,석수리버하임,민간,분양,48,10,10,Feb-24,Oct-24,미준공,
안양시,,동안구,경기도 안양시 동안구 호계동 533-3번지,투탑건설㈜,석수리버하임,민간,분양,49,10,10,Feb-24,Oct-24,미준공,
안양시,,동안구,경기도 안양시 동안구 호계동 533-3번지,투탑건설㈜,석수리버하임,민간,분양,49,10,10,Feb-24,Oct-24,미준공,
안양시,,동안구,경기도 안양시 동안구 호계동 533-3번지,투탑건설㈜,석수리버하임,민간,분양,49,5,5,Feb-24,Oct-24,미준공,
안양시,,동안구,경기도 안양시 동안구 호계동 992-1번지,디엘이앤씨㈜,덕현지구 주택재개발정비사업조합,민간,분양,36,24,2,Dec-24,Nov-24,준공,
안양시,,동안구,경기도 안양시 동안구 호계동 992-1번지,디엘이앤씨㈜,덕현지구 주택재개발정비사업조합,민간,분양,45,90,0,Dec-24,Nov-24,준공,
안양시,,동안구,경기도 안양시 동안구 호계동 992-1번지,디엘이앤씨㈜,덕현지구 주택재개발정비사업조합,민간,분양,59,523,0,Dec-24,Nov-24,준공,
안양시,,동안구,경기도 안양시 동안구 호계동 992-1번지,디엘이앤씨㈜,덕현지구 주택재개발정비사업조합,민간,분양,59,311,0,Dec-24,Nov-24,준공,
안양시,,동안구,경기도 안양시 동안구 호계동 992-1번지,디엘이앤씨㈜,덕현지구 주택재개발정비사업조합,민간,분양,59,72,0,Dec-24,Nov-24,준공,
안양시,,동안구,경기도 안양시 동안구 호계동 992-1번지,디엘이앤씨㈜,덕현지구 주택재개발정비사업조합,민간,분양,72,152,0,Dec-24,Nov-24,준공,
안양시,,동안구,경기도 안양시 동안구 호계동 992-1번지,디엘이앤씨㈜,덕현지구 주택재개발정비사업조합,민간,분양,84,30,0,Dec-24,Nov-24,준공,
안양시,,동안구,경기도 안양시 동안구 호계동 992-1번지,디엘이앤씨㈜,덕현지구 주택재개발정비사업조합,민간,분양,84,26,0,Dec-24,Nov-24,준공,
안양시,,동안구,경기도 안양시 동안구 호계동 533-3번지,투탑건설㈜,석수리버하임,민간,분양,40,2,2,Feb-24,Oct-24,미준공,
안양시,,동안구,경기도 안양시 동안구 호계동 533-3번지,디엘건설㈜,㈜케이티앤지,민간,분양,98,59,0,Feb-24,Oct-24,미준공,
안양시,,동안구,경기도 안양시 동안구 호계동 533-3번지,디엘건설㈜,㈜케이티앤지,민간,분양,84,56,0,Feb-24,Oct-24,미준공,
안양시,,동안구,경기도 안양시 동안구 호계동 533-3번지,디엘건설㈜,㈜케이티앤지,민간,분양,84,17,0,Feb-24,Oct-24,미준공,
안양시,,동안구,경기도 안양시 동안구 호계동 533-3번지,디엘건설㈜,㈜케이티앤지,민간,분양,84,55,0,Feb-24,Oct-24,미준공,
안양시,,동안구,경기도 안양시 동안구 호계동 533-3번지,디엘건설㈜,㈜케이티앤지,민간,분양,79,37,1,Feb-24,Oct-24,미준공,
안양시,,동안구,경기도 안양시 동안구 호계동 533-3번지,디엘건설㈜,㈜케이티앤지,민간,분양,74,18,0,Feb-24,Oct-24,미준공,
안양시,,동안구,경기도 안양시 동안구 호계동 533-3번지,디엘건설㈜,㈜케이티앤지,민간,분양,74,27,0,Feb-24,Oct-24,미준공,
안양시,,동안구,경기도 안양시 동안구 호계동 533-3번지,디엘건설㈜,㈜케이티앤지,민간,분양,59,189,0,Feb-24,Oct-24,미준공,
안양시,,동안구,경기도 안양시 동안구 호계동 533-3번지,투탑건설㈜,석수리버하임,민간,분양,49,10,10,Feb-24,Oct-24,미준공,
양주시,,화정동,경기도 양주시 화정동 194-1,에이치엘디앤아이한라(주),㈜무궁화신탁,민간,분양,78,114,114,Nov-24,Dec-24,미준공,
양주시,,화정동,경기도 양주시 화정동 194-1,에이치엘디앤아이한라(주),㈜무궁화신탁,민간,분양,78,65,65,Nov-24,Dec-24,미준공,
양주시,,화정동,경기도 양주시 화정동 194-1,에이치엘디앤아이한라(주),㈜무궁화신탁,민간,분양,84,184,184,Nov-24,Dec-24,미준공,
양주시,,화정동,경기도 양주시 화정동 194-1,에이치엘디앤아이한라(주),㈜무궁화신탁,민간,분양,84,64,64,Nov-24,Dec-24,미준공,
양주시,,옥정동,경기도 양주시 옥정동 옥정지구D-1BL,㈜케이씨씨건설,㈜하나자신탁,민간,분양,84,38,2,Nov-24,Mar-24,미준공,
양주시,,옥정동,경기도 양주시 옥정동 옥정지구D-1BL,㈜케이씨씨건설,㈜하나자신탁,민간,분양,84,38,14,Nov-24,Mar-24,미준공,
양주시,,옥정동,경기도 양주시 옥정동 옥정지구D-1BL,㈜케이씨씨건설,㈜하나자신탁,민간,분양,84.565,15,10,Nov-24,Mar-24,미준공,
양주시,,옥정동,경기도 양주시 옥정동 옥정지구D-1BL,㈜케이씨씨건설,㈜하나자신탁,민간,분양,84,15,2,Nov-24,Mar-24,미준공,
양주시,,옥정동,경기도 양주시 옥정동 옥정지구D-1BL,㈜케이씨씨건설,㈜하나자신탁,민간,분양,84,10,1,Nov-24,Mar-24,미준공,
양주시,,옥정동,경기도 양주시 옥정동 옥정지구D-1BL,㈜케이씨씨건설,㈜하나자신탁,민간,분양,84,10,0,Nov-24,Mar-24,미준공,
양주시,,옥정동,경기도 양주시 옥정동 옥정지구D-1BL,㈜케이씨씨건설,㈜하나자신탁,민간,분양,84,3,3,Nov-24,Mar-24,미준공,
양주시,,옥정동,경기도 양주시 옥정동 옥정지구D-1BL,㈜케이씨씨건설,㈜하나자신탁,민간,분양,84,3,3,Nov-24,Mar-24,미준공,
양주시,,옥정동,경기도 양주시 옥정동 옥정지구D-1BL,㈜케이씨씨건설,㈜하나자신탁,민간,분양,84,3,3,Nov-24,Mar-24,미준공,
양주시,,옥정동,경기도 양주시 옥정동 옥정지구D-1BL,㈜케이씨씨건설,㈜하나자신탁,민간,분양,84,3,3,Nov-24,Mar-24,미준공,
양주시,,옥정동,경기도 양주시 옥정동 옥정지구D-2BL,㈜케이씨씨건설,㈜하나자신탁,민간,분양,84.68,17,8,Nov-24,Mar-24,미준공,
양주시,,옥정동,경기도 양주시 옥정동 옥정지구D-2BL,㈜케이씨씨건설,㈜하나자신탁,민간,분양,84.68,21,1,Nov-24,Mar-24,미준공,
양주시,,옥정동,경기도 양주시 옥정동 옥정지구D-2BL,㈜케이씨씨건설,㈜하나자신탁,민간,분양,84.68,8,5,Nov-24,Mar-24,미준공,
양주시,,옥정동,경기도 양주시 옥정동 옥정지구D-2BL,㈜케이씨씨건설,㈜하나자신탁,민간,분양,84.68,8,7,Nov-24,Mar-24,미준공,
양주시,,옥정동,경기도 양주시 옥정동 옥정지구D-2BL,㈜케이씨씨건설,㈜하나자신탁,민간,분양,84.34,8,6,Nov-24,Mar-24,미준공,
양주시,,옥정동,경기도 양주시 옥정동 옥정지구D-2BL,㈜케이씨씨건설,㈜하나자신탁,민간,분양,84.68,8,7,Nov-24,Mar-24,미준공,
양주시,,옥정동,경기도 양주시 옥정동 옥정지구D-3BL,㈜케이씨씨건설,㈜하나자신탁,민간,분양,84.46,48,3,Nov-24,Mar-24,미준공,
양주시,,옥정동,경기도 양주시 옥정동 옥정지구D-3BL,㈜케이씨씨건설,㈜하나자신탁,민간,분양,84.46,48,0,Nov-24,Mar-24,미준공,
양주시,,옥정동,경기도 양주시 옥정동 옥정지구D-3BL,㈜케이씨씨건설,㈜하나자신탁,민간,분양,84.46,6,2,Nov-24,Mar-24,미준공,
양주시,,옥정동,경기도 양주시 옥정동 옥정지구D-3BL,㈜케이씨씨건설,㈜하나자신탁,민간,분양,84.46,6,2,Nov-24,Mar-24,미준공,
양주시,,옥정동,경기도 양주시 옥정동 옥정지구D-3BL,㈜케이씨씨건설,㈜하나자신탁,민간,분양,84.46,5,4,Nov-24,Mar-24,미준공,
양주시,,옥정동,경기도 양주시 옥정동 옥정지구D-3BL,㈜케이씨씨건설,㈜하나자신탁,민간,분양,84.46,5,2,Nov-24,Mar-24,미준공,
양주시,,옥정동,경기도 양주시 옥정동 옥정지구B-5BL,㈜현대건설,㈜무궁화신탁,민간,분양,84,16,9,May-24,Jun-24,미준공,
양주시,,옥정동,경기도 양주시 옥정동 옥정지구B-5BL,㈜현대건설,㈜무궁화신탁,민간,분양,84,20,10,May-24,Jun-24,미준공,
양주시,,옥정동,경기도 양주시 옥정동 옥정지구B-5BL,㈜현대건설,㈜무궁화신탁,민간,분양,84,10,0,May-24,Jun-24,미준공,
양주시,,옥정동,경기도 양주시 옥정동 옥정지구B-5BL,㈜현대건설,㈜무궁화신탁,민간,분양,84,8,3,May-24,Jun-24,미준공,
양주시,,옥정동,경기도 양주시 옥정동 옥정지구B-5BL,㈜현대건설,㈜무궁화신탁,민간,분양,84,11,9,May-24,Jun-24,미준공,
양주시,,옥정동,경기도 양주시 옥정동 옥정지구B-5BL,㈜현대건설,㈜무궁화신탁,민간,분양,84,20,10,May-24,Jun-24,미준공,
양주시,,옥정동,경기도 양주시 옥정동 옥정지구B-5BL,㈜현대건설,㈜무궁화신탁,민간,분양,84,3,0,May-24,Jun-24,미준공,
양주시,,옥정동,경기도 양주시 옥정동 옥정지구B-5BL,㈜현대건설,㈜무궁화신탁,민간,분양,84,5,0,May-24,Jun-24,미준공,
양주시,,옥정동,경기도 양주시 옥정동 옥정지구B-5BL,㈜현대건설,㈜무궁화신탁,민간,분양,84,4,2,May-24,Jun-24,미준공,
양주시,,옥정동,경기도 양주시 옥정동 옥정지구B-5BL,㈜현대건설,㈜무궁화신탁,민간,분양,84,5,4,May-24,Jun-24,미준공,
양주시,,옥정동,경기도 양주시 옥정동 옥정지구B-5BL,㈜현대건설,㈜무궁화신탁,민간,분양,84,4,1,May-24,Jun-24,미준공,
양주시,,옥정동,경기도 양주시 옥정동 옥정지구B-5BL,㈜현대건설,㈜무궁화신탁,민간,분양,84,5,5,May-24,Jun-24,미준공,
양주시,,옥정동,경기도 양주시 옥정동 옥정지구B-5BL,㈜현대건설,㈜무궁화신탁,민간,분양,84,5,0,May-24,Jun-24,미준공,
양주시,,옥정동,경기도 양주시 옥정동 옥정지구B-5BL,㈜현대건설,㈜무궁화신탁,민간,분양,84,6,0,May-24,Jun-24,미준공,
양주시,,옥정동,경기도 양주시 옥정동 옥정지구B-6BL,㈜현대건설,㈜무궁화신탁,민간,분양,84.97,34,13,May-24,Jun-24,미준공,
양주시,,옥정동,경기도 양주시 옥정동 옥정지구B-6BL,㈜현대건설,㈜무궁화신탁,민간,분양,84.97,18,14,May-24,Jun-24,미준공,
양주시,,옥정동,경기도 양주시 옥정동 옥정지구B-6BL,㈜현대건설,㈜무궁화신탁,민간,분양,84.96,3,0,May-24,Jun-24,미준공,
양주시,,옥정동,경기도 양주시 옥정동 옥정지구B-6BL,㈜현대건설,㈜무궁화신탁,민간,분양,84.97,18,14,May-24,Jun-24,미준공,
양주시,,옥정동,경기도 양주시 옥정동 옥정지구B-6BL,㈜현대건설,㈜무궁화신탁,민간,분양,84.97,19,14,May-24,Jun-24,미준공,
양주시,,옥정동,경기도 양주시 옥정동 옥정지구B-6BL,㈜현대건설,㈜무궁화신탁,민간,분양,84.96,6,3,May-24,Jun-24,미준공,
양주시,,옥정동,경기도 양주시 옥정동 옥정지구B-6BL,㈜현대건설,㈜무궁화신탁,민간,분양,84.96,8,,May-24,Jun-24,미준공,
양주시,,옥정동,경기도 양주시 옥정동 옥정지구B-6BL,㈜현대건설,㈜무궁화신탁,민간,분양,84.97,17,0,May-24,Jun-24,미준공,
양주시,,옥정동,경기도 양주시 옥정동 옥정지구B-6BL,㈜현대건설,㈜무궁화신탁,민간,분양,84.97,25,0,May-24,Jun-24,미준공,
양주시,,옥정동,경기도 양주시 옥정동 옥정지구B-6BL,㈜현대건설,㈜무궁화신탁,민간,분양,84.97,25,0,May-24,Jun-24,미준공,
양주시,,옥정동,경기도 양주시 옥정동 옥정지구B-6BL,㈜현대건설,㈜무궁화신탁,민간,분양,84.97,6,0,May-24,Jun-24,미준공,
양주시,,옥정동,경기도 양주시 옥정동 옥정지구B-6BL,㈜현대건설,㈜무궁화신탁,민간,분양,84.97,6,0,May-24,Jun-24,미준공,
양주시,,옥정동,경기도 양주시 옥정동 옥정지구B-6BL,㈜현대건설,㈜무궁화신탁,민간,분양,84.97,1,0,May-24,Jun-24,미준공,
양주시,,옥정동,경기도 양주시 옥정동 옥정지구B-7BL,㈜현대건설,㈜무궁화신탁,민간,분양,84.97,33,12,May-24,Jun-24,미준공,
양주시,,옥정동,경기도 양주시 옥정동 옥정지구B-7BL,㈜현대건설,㈜무궁화신탁,민간,분양,84.97,35,14,May-24,Jun-24,미준공,
양주시,,옥정동,경기도 양주시 옥정동 옥정지구B-7BL,㈜현대건설,㈜무궁화신탁,민간,분양,84.97,4,0,May-24,Jun-24,미준공,
양주시,,옥정동,경기도 양주시 옥정동 옥정지구B-7BL,㈜현대건설,㈜무궁화신탁,민간,분양,84.97,5,1,May-24,Jun-24,미준공,
양주시,,옥정동,경기도 양주시 옥정동 옥정지구B-7BL,㈜현대건설,㈜무궁화신탁,민간,분양,84.97,16,10,May-24,Jun-24,미준공,
양주시,,옥정동,경기도 양주시 옥정동 옥정지구B-7BL,㈜현대건설,㈜무궁화신탁,민간,분양,84.96,34,11,May-24,Jun-24,미준공,
양주시,,옥정동,경기도 양주시 옥정동 옥정지구B-7BL,㈜현대건설,㈜무궁화신탁,민간,분양,84.96,4,1,May-24,Jun-24,미준공,
양주시,,옥정동,경기도 양주시 옥정동 옥정지구B-7BL,㈜현대건설,㈜무궁화신탁,민간,분양,84.97,7,2,May-24,Jun-24,미준공,
양주시,,옥정동,경기도 양주시 옥정동 옥정지구B-7BL,㈜현대건설,㈜무궁화신탁,민간,분양,84.97,17,0,May-24,Jun-24,미준공,
양주시,,옥정동,경기도 양주시 옥정동 옥정지구B-7BL,㈜현대건설,㈜무궁화신탁,민간,분양,84.96,2,0,May-24,Jun-24,미준공,
양주시,,옥정동,경기도 양주시 옥정동 옥정지구B-7BL,㈜현대건설,㈜무궁화신탁,민간,분양,84.96,3,,May-24,Jun-24,미준공,
양주시,,옥정동,경기도 양주시 옥정동 옥정지구B-8BL,㈜현대건설,㈜무궁화신탁,민간,분양,84,13,0,May-24,Jun-24,미준공,
양주시,,옥정동,경기도 양주시 옥정동 옥정지구B-8BL,㈜현대건설,㈜무궁화신탁,민간,분양,84,13,0,May-24,Jun-24,미준공,
양주시,,옥정동,경기도 양주시 옥정동 옥정지구B-8BL,㈜현대건설,㈜무궁화신탁,민간,분양,84,8,0,May-24,Jun-24,미준공,
양주시,,옥정동,경기도 양주시 옥정동 옥정지구B-8BL,㈜현대건설,㈜무궁화신탁,민간,분양,84,11,0,May-24,Jun-24,미준공,
양주시,,옥정동,경기도 양주시 옥정동 옥정지구B-8BL,㈜현대건설,㈜무궁화신탁,민간,분양,84,3,0,May-24,Jun-24,미준공,
양주시,,옥정동,경기도 양주시 옥정동 옥정지구B-8BL,㈜현대건설,㈜무궁화신탁,민간,분양,84,3,0,May-24,Jun-24,미준공,
양주시,,옥정동,경기도 양주시 옥정동 옥정지구B-8BL,㈜현대건설,㈜무궁화신탁,민간,분양,84,4,0,May-24,Jun-24,미준공,
양주시,,옥정동,경기도 양주시 옥정동 옥정지구B-8BL,㈜현대건설,㈜무궁화신탁,민간,분양,84,3,1,May-24,Jun-24,미준공,
양주시,,옥정동,경기도 양주시 옥정동 옥정지구B-8BL,㈜현대건설,㈜무궁화신탁,민간,분양,84,2,0,May-24,Jun-24,미준공,
양주시,,옥정동,경기도 양주시 옥정동 옥정지구B-10BL,㈜현대건설,㈜무궁화신탁,민간,분양,84,13,0,May-24,Jun-24,미준공,
양주시,,옥정동,경기도 양주시 옥정동 옥정지구B-10BL,㈜현대건설,㈜무궁화신탁,민간,분양,84,25,0,May-24,Jun-24,미준공,
양주시,,옥정동,경기도 양주시 옥정동 옥정지구B-10BL,㈜현대건설,㈜무궁화신탁,민간,분양,84,8,0,May-24,Jun-24,미준공,
양주시,,옥정동,경기도 양주시 옥정동 옥정지구B-10BL,㈜현대건설,㈜무궁화신탁,민간,분양,84,25,0,May-24,Jun-24,미준공,
양주시,,옥정동,경기도 양주시 옥정동 옥정지구B-10BL,㈜현대건설,㈜무궁화신탁,민간,분양,84,4,1,May-24,Jun-24,미준공,
양평군,,양평읍,경기도 양평군 양평읍 공흥리 418,일신건영주식회사,코리아신탁㈜,민간,분양,84,48,35,Jun-24,Feb-24,미준공,
양평군,,양서면,경기도 양평군 양서면 용담리 704 (에델바움),대의건설,국제자산신탁㈜,민간,분양,58,44,1,Nov-24,Nov-24,준공,
양평군,,양평읍,경기도 양평군 양평읍 공흥리 418,일신건영주식회사,코리아신탁㈜,민간,분양,84,191,40,Jun-24,Feb-24,미준공,
양평군,,양평읍,경기도 양평군 양평읍 공흥리 418,일신건영주식회사,코리아신탁㈜,민간,분양,74,14,0,Jun-24,Feb-24,미준공,
양평군,,양평읍,경기도 양평군 양평읍 공흥리 418,일신건영주식회사,코리아신탁㈜,민간,분양,74,20,2,Jun-24,Feb-24,미준공,
양평군,,양평읍,경기도 양평군 양평읍 공흥리 418,일신건영주식회사,코리아신탁㈜,민간,분양,74,64,3,Jun-24,Feb-24,미준공,
양평군,,양평읍,경기도 양평군 덕평리 661-7,코오롱글로벌㈜,양평덕평지구지역주택조합,민간,분양,74,83,62,May-24,Mar-24,미준공,
양평군,,양평읍,경기도 양평군 덕평리 661-7,코오롱글로벌㈜,양평덕평지구지역주택조합,민간,분양,74,37,27,May-24,Mar-24,미준공,
양평군,,양평읍,경기도 양평군 덕평리 661-7,코오롱글로벌㈜,양평덕평지구지역주택조합,민간,분양,59,3,2,May-24,Mar-24,미준공,
양평군,,양평읍,경기도 양평군 덕평리 661-7,코오롱글로벌㈜,양평덕평지구지역주택조합,민간,분양,59,77,61,May-24,Mar-24,미준공,
양평군,,양서면,경기도 양평군 양서면 용담리 704 (에델바움),대의건설,국제자산신탁㈜,민간,분양,51,1,1,Nov-24,Nov-24,준공,
양평군,,양서면,경기도 양평군 양서면 용담리 704 (에델바움),대의건설,국제자산신탁㈜,민간,분양,45,1,1,Nov-24,Nov-24,준공,
양평군,,양서면,경기도 양평군 양서면 용담리 704 (에델바움),대의건설,국제자산신탁㈜,민간,분양,58,2,1,Nov-24,Nov-24,준공,
양평군,,양서면,경기도 양평군 양서면 용담리 704 (에델바움),대의건설,국제자산신탁㈜,민간,분양,58,2,1,Nov-24,Nov-24,준공,
양평군,,양평읍,경기도 양평군 양평읍 공흥리 418,일신건영주식회사,코리아신탁㈜,민간,분양,84,69,40,Jun-24,Feb-24,미준공,
여주시,,교동,경기도 여주군 교동 500-118번지,GS건설㈜,㈜엘에스디,민간,분양,99,52,7,May-24,Jun-24,미준공,
여주시,,교동,경기도 여주군 교동 500-118번지,GS건설㈜,㈜엘에스디,민간,분양,136,2,1,May-24,Jun-24,미준공,
여주시,,교동,경기도 여주군 교동 500-118번지,GS건설㈜,㈜엘에스디,민간,분양,99,52,0,May-24,Jun-24,미준공,
여주시,,교동,경기도 여주군 교동 500-118번지,GS건설㈜,㈜엘에스디,민간,분양,84,248,5,May-24,Jun-24,미준공,
여주시,,교동,경기도 여주군 교동 500-118번지,GS건설㈜,㈜엘에스디,민간,분양,84,249,0,May-24,Jun-24,미준공,
여주시,,교동,경기도 여주군 교동 500-118번지,GS건설㈜,㈜엘에스디,민간,분양,59,81,0,May-24,Jun-24,미준공,
여주시,,교동,경기도 여주군 교동 500-118번지,GS건설㈜,㈜엘에스디,민간,분양,59,85,0,May-24,Jun-24,미준공,
연천군,,전곡읍,경기도 연천군 전곡읍 전곡리 85-12,제일건설㈜,보라산업개발주식회사,민간,분양,84.98,147,3,Apr-24,Dec-24,미준공,
연천군,,전곡읍,경기도 연천군 전곡읍 전곡리 85-12,제일건설㈜,보라산업개발주식회사,민간,분양,84.94,445,6,Apr-24,Dec-24,미준공,
연천군,,전곡읍,경기도 연천군 전곡읍 전곡리 85-12,제일건설㈜,보라산업개발주식회사,민간,분양,220.4,2,1,Apr-24,Dec-24,미준공,
연천군,,전곡읍,경기도 연천군 전곡읍 전곡리 85-12,제일건설㈜,보라산업개발주식회사,민간,분양,109.71,45,8,Apr-24,Dec-24,미준공,
연천군,,전곡읍,경기도 연천군 전곡읍 전곡리 85-12,제일건설㈜,보라산업개발주식회사,민간,분양,108.83,125,28,Apr-24,Dec-24,미준공,
오산시,,,경기도 오산시 양산동,비공개,비공개,민간,분양,75,209,5,,Aug-27,미준공,
오산시,,,경기도 오산시 양산동,비공개,비공개,민간,분양,59,63,0,,Aug-27,미준공,
오산시,,,경기도 오산시 양산동,비공개,비공개,민간,분양,59,63,0,,Aug-27,미준공,
오산시,,,경기도 오산시 양산동,비공개,비공개,민간,분양,59,187,0,,Aug-27,미준공,
오산시,,,경기도 오산시 탑동 110-1,한신공영㈜,세교피에프브이,민간,분양,99,377,155,May-24,Mar-24,미준공,
오산시,,,경기도 오산시 탑동 110-1,한신공영㈜,세교피에프브이,민간,분양,84,75,0,May-24,Mar-24,미준공,
오산시,,,경기도 오산시 탑동 110-1,한신공영㈜,세교피에프브이,민간,분양,84,144,0,May-24,Mar-24,미준공,
오산시,,,경기도 오산시 탑동 110-1,한신공영㈜,세교피에프브이,민간,분양,74,24,0,May-24,Mar-24,미준공,
오산시,,,경기도 오산시 탑동 110-1,한신공영㈜,세교피에프브이,민간,분양,74,224,0,May-24,Mar-24,미준공,
오산시,,,경기도 오산시 양산동,비공개,비공개,민간,분양,75,191,3,,Aug-27,미준공,
오산시,,,경기도 오산시 양산동,비공개,비공개,민간,분양,84,646,108,,Aug-27,미준공,
오산시,,,경기도 오산시 양산동,비공개,비공개,민간,분양,84,40,6,,Aug-27,미준공,
오산시,,,경기도 오산시 양산동,비공개,비공개,민간,분양,84,48,12,,Aug-27,미준공,
오산시,,,경기도 오산시 양산동,비공개,비공개,민간,분양,103,46,41,,Aug-27,미준공,
오산시,,,경기도 오산시 양산동,비공개,비공개,민간,분양,103,179,104,,Aug-27,미준공,
용인시,기흥구,서천동,경기도 용인시 기흥구 서천동 335-2번지,지에스건설,교보자산신탁㈜,민간,분양,84,35,0,Dec-24,Dec-24,미준공,
용인시,기흥구,서천동,경기도 용인시 기흥구 서천동 335-2번지,지에스건설,교보자산신탁㈜,민간,분양,100,20,0,Dec-24,Dec-24,미준공,
용인시,기흥구,언남동,경기도 용인시 기흥구 언남동 384-2번회 1필지,㈜대능종합건설,㈜비에스아이앤씨,민간,분양,48,16,4,Aug-24,Aug-24,준공,
용인시,기흥구,언남동,경기도 용인시 기흥구 언남동 384-2번회 1필지,㈜대능종합건설,㈜비에스아이앤씨,민간,분양,67,16,2,Aug-24,Aug-24,준공,
용인시,기흥구,언남동,경기도 용인시 기흥구 언남동 384-2번회 1필지,㈜대능종합건설,㈜비에스아이앤씨,민간,분양,49,16,3,Aug-24,Aug-24,준공,
용인시,기흥구,언남동,경기도 용인시 기흥구 언남동 384-2번회 1필지,㈜대능종합건설,㈜비에스아이앤씨,민간,분양,41,32,5,Aug-24,Aug-24,준공,
용인시,수지구,,,00건설,00건설,민간,분양,39,11,10,Sep-24,May-24,미준공,
용인시,수지구,,,00건설,00건설,민간,분양,47,13,8,Sep-24,May-24,미준공,
용인시,수지구,,,00건설,00건설,민간,분양,64,13,13,Sep-24,May-24,미준공,
용인시,수지구,,,00건설,00건설,민간,분양,70,30,29,Sep-24,May-24,미준공,
용인시,기흥구,마북동,경기도 용인시 기흥구 마북동 212-1,동부건설㈜,한국자산신탁㈜,민간,분양,130,1,1,Aug-24,Oct-24,준공,
용인시,기흥구,마북동,경기도 용인시 기흥구 마북동 212-1,동부건설㈜,한국자산신탁㈜,민간,분양,131,1,1,Aug-24,Oct-24,준공,
용인시,기흥구,마북동,경기도 용인시 기흥구 마북동 212-1,동부건설㈜,한국자산신탁㈜,민간,분양,131,1,1,Aug-24,Oct-24,준공,
용인시,기흥구,마북동,경기도 용인시 기흥구 마북동 212-1,동부건설㈜,한국자산신탁㈜,민간,분양,132,1,1,Aug-24,Oct-24,준공,
용인시,기흥구,마북동,경기도 용인시 기흥구 마북동 212-1,동부건설㈜,한국자산신탁㈜,민간,분양,133,1,1,Aug-24,Oct-24,준공,
용인시,기흥구,마북동,경기도 용인시 기흥구 마북동 212-1,동부건설㈜,한국자산신탁㈜,민간,분양,139,1,1,Aug-24,Oct-24,준공,
용인시,처인구,포곡읍,경기도 용인시 처인구 포곡읍 전대리 192-2번지,디더블유대원,디더블유대원,민간,분양,59,118,6,Nov-24,Jan-00,미준공,
용인시,처인구,포곡읍,경기도 용인시 처인구 포곡읍 전대리 192-2번지,디더블유대원,디더블유대원,민간,분양,59,14,0,Nov-24,Nov-24,미준공,
용인시,처인구,포곡읍,경기도 용인시 처인구 포곡읍 전대리 192-2번지,디더블유대원,디더블유대원,민간,분양,74,62,43,Nov-24,Nov-24,미준공,
용인시,처인구,포곡읍,경기도 용인시 처인구 포곡읍 전대리 192-2번지,디더블유대원,디더블유대원,민간,분양,84,128,50,Nov-24,Nov-24,미준공,
용인시,처인구,포곡읍,경기도 용인시 처인구 포곡읍 전대리 192-2번지,디더블유대원,디더블유대원,민간,분양,84,13,12,Nov-24,Nov-24,미준공,
용인시,처인구,포곡읍,경기도 용인시 처인구 포곡읍 전대리 192-2번지,디더블유대원,디더블유대원,민간,분양,84,13,5,Nov-24,Nov-24,미준공,
용인시,,,경기도 용인시 산42-4(공세지구 D3블럭),㈜알비디케이콘스,㈜알비디케이,민간,분양,84,34,33,,Aug-24,미준공,
용인시,,,경기도 용인시 산42-4(공세지구 D3블럭),㈜알비디케이콘스,㈜알비디케이,민간,분양,84,17,17,,Aug-24,미준공,
용인시,,,경기도 용인시 산42-4(공세지구 D3블럭),㈜알비디케이콘스,㈜알비디케이,민간,분양,84,18,13,,Aug-24,미준공,
용인시,,,경기도 용인시 산42-4(공세지구 D3블럭),㈜알비디케이콘스,㈜알비디케이,민간,분양,84,9,9,,Aug-24,미준공,
용인시,,,경기도 용인시 산42-4(공세지구 D3블럭),㈜알비디케이콘스,㈜알비디케이,민간,분양,84,4,3,,Aug-24,미준공,
용인시,,,경기도 용인시 산42-4(공세지구 D3블럭),㈜알비디케이콘스,㈜알비디케이,민간,분양,84,2,2,,Aug-24,미준공,
용인시,,,경기도 용인시 산42-4(공세지구 D3블럭),㈜알비디케이콘스,㈜알비디케이,민간,분양,84,9,9,,Aug-24,미준공,
용인시,처인구,역북동,경기도 용인시 처인구 역북동 89-25번지,서희건설,서희건설,민간,분양,59,29,1,Feb-24,Mar-24,미준공,
용인시,처인구,역북동,경기도 용인시 처인구 역북동 89-25번지,서희건설,서희건설,민간,분양,59,42,1,Feb-24,Mar-24,미준공,
용인시,처인구,역북동,경기도 용인시 처인구 역북동 89-25번지,서희건설,서희건설,민간,분양,74,13,1,Feb-24,Mar-24,미준공,
용인시,처인구,역북동,경기도 용인시 처인구 역북동 89-25번지,서희건설,서희건설,민간,분양,74,2,0,Feb-24,Mar-24,미준공,
용인시,처인구,역북동,경기도 용인시 처인구 역북동 89-25번지,서희건설,서희건설,민간,분양,84,30,6,Feb-24,Mar-24,미준공,
용인시,처인구,역북동,경기도 용인시 처인구 역북동 89-25번지,서희건설,서희건설,민간,분양,84,9,3,Feb-24,Mar-24,미준공,
용인시,처인구,역북동,경기도 용인시 처인구 역북동 89-25번지,서희건설,서희건설,민간,분양,84,9,2,Feb-24,Mar-24,미준공,
용인시,처인구,이동읍,경기도 용인시 처인구 이동읍 1267-8외 1,삼정건설산업㈜,㈜이안이앤디,민간,분양,19,234,190,Aug-24,Aug-24,미준공,
용인시,처인구,이동읍,경기도 용인시 처인구 이동읍 1267-8외 1,삼정건설산업㈜,㈜이안이앤디,민간,분양,25.71,32,25,Aug-24,Aug-24,미준공,
용인시,처인구,이동읍,경기도 용인시 처인구 이동읍 1267-8외 1,삼정건설산업㈜,㈜이안이앤디,민간,분양,40.86,10,4,Aug-24,Aug-24,미준공,
용인시,기흥구,서천동,경기도 용인시 기흥구 서천동 335-2번지,지에스건설,교보자산신탁㈜,민간,분양,84,201,0,Dec-24,Dec-24,미준공,
용인시,기흥구,서천동,경기도 용인시 기흥구 서천동 335-2번지,지에스건설,교보자산신탁㈜,민간,분양,84,109,1,Dec-24,Dec-24,미준공,
용인시,기흥구,서천동,경기도 용인시 기흥구 서천동 335-2번지,지에스건설,교보자산신탁㈜,민간,분양,84,107,0,Dec-24,Dec-24,미준공,
용인시,수지구,,,00건설,00건설,민간,분양,81,21,21,Sep-24,May-24,미준공,
용인시,수지구,,,00건설,00건설,민간,분양,97,2,2,Sep-24,May-24,미준공,
용인시,수지구,,,00건설,00건설,민간,분양,102,4,4,Sep-24,May-24,미준공,
용인시,기흥구,마북동,경기도 용인시 기흥구 마북동 355-3번지,dl이엔씨,엠디엠,민간,분양,59,105,0,May-24,Mar-24,미준공,
용인시,기흥구,마북동,경기도 용인시 기흥구 마북동 355-3번지,dl이엔씨,엠디엠,민간,분양,59,21,0,May-24,Mar-24,미준공,
용인시,기흥구,마북동,경기도 용인시 기흥구 마북동 355-3번지,dl이엔씨,엠디엠,민간,분양,59,3,0,May-24,Mar-24,미준공,
용인시,기흥구,마북동,경기도 용인시 기흥구 마북동 355-3번지,dl이엔씨,엠디엠,민간,분양,74,152,0,May-24,Mar-24,미준공,
용인시,기흥구,마북동,경기도 용인시 기흥구 마북동 355-3번지,dl이엔씨,엠디엠,민간,분양,84,461,50,May-24,Mar-24,미준공,
용인시,기흥구,마북동,경기도 용인시 기흥구 마북동 355-3번지,dl이엔씨,엠디엠,민간,분양,84,97,0,May-24,Mar-24,미준공,
용인시,기흥구,마북동,경기도 용인시 기흥구 마북동 355-3번지,dl이엔씨,엠디엠,민간,분양,84,135,0,May-24,Mar-24,미준공,
용인시,기흥구,마북동,경기도 용인시 기흥구 마북동 355-3번지,dl이엔씨,엠디엠,민간,분양,84,21,0,May-24,Mar-24,미준공,
용인시,기흥구,마북동,경기도 용인시 기흥구 마북동 355-3번지,dl이엔씨,엠디엠,민간,분양,84,2,0,May-24,Mar-24,미준공,
용인시,기흥구,마북동,경기도 용인시 기흥구 마북동 355-3번지,dl이엔씨,엠디엠,민간,분양,84,2,0,May-24,Mar-24,미준공,
용인시,기흥구,마북동,경기도 용인시 기흥구 마북동 212-1,동부건설㈜,한국자산신탁㈜,민간,분양,84,17,1,Aug-24,Oct-24,준공,
용인시,기흥구,마북동,경기도 용인시 기흥구 마북동 212-1,동부건설㈜,한국자산신탁㈜,민간,분양,84,25,0,Aug-24,Oct-24,준공,
용인시,기흥구,마북동,경기도 용인시 기흥구 마북동 212-1,동부건설㈜,한국자산신탁㈜,민간,분양,84,1,1,Aug-24,Oct-24,준공,
용인시,기흥구,마북동,경기도 용인시 기흥구 마북동 212-1,동부건설㈜,한국자산신탁㈜,민간,분양,84,6,5,Aug-24,Oct-24,준공,
용인시,기흥구,마북동,경기도 용인시 기흥구 마북동 212-1,동부건설㈜,한국자산신탁㈜,민간,분양,84,1,1,Aug-24,Oct-24,준공,
용인시,기흥구,마북동,경기도 용인시 기흥구 마북동 212-1,동부건설㈜,한국자산신탁㈜,민간,분양,84,11,0,Aug-24,Oct-24,준공,
용인시,기흥구,마북동,경기도 용인시 기흥구 마북동 212-1,동부건설㈜,한국자산신탁㈜,민간,분양,84,13,7,Aug-24,Oct-24,준공,
용인시,기흥구,마북동,경기도 용인시 기흥구 마북동 212-1,동부건설㈜,한국자산신탁㈜,민간,분양,84,16,1,Aug-24,Oct-24,준공,
용인시,기흥구,마북동,경기도 용인시 기흥구 마북동 212-1,동부건설㈜,한국자산신탁㈜,민간,분양,84,16,2,Aug-24,Oct-24,준공,
용인시,기흥구,마북동,경기도 용인시 기흥구 마북동 212-1,동부건설㈜,한국자산신탁㈜,민간,분양,84,18,2,Aug-24,Oct-24,준공,
용인시,기흥구,마북동,경기도 용인시 기흥구 마북동 212-1,동부건설㈜,한국자산신탁㈜,민간,분양,84,18,0,Aug-24,Oct-24,준공,
용인시,기흥구,마북동,경기도 용인시 기흥구 마북동 212-1,동부건설㈜,한국자산신탁㈜,민간,분양,84,1,1,Aug-24,Oct-24,준공,
용인시,기흥구,마북동,경기도 용인시 기흥구 마북동 212-1,동부건설㈜,한국자산신탁㈜,민간,분양,84,13,2,Aug-24,Oct-24,준공,
용인시,기흥구,마북동,경기도 용인시 기흥구 마북동 212-1,동부건설㈜,한국자산신탁㈜,민간,분양,84,7,0,Aug-24,Oct-24,준공,
용인시,기흥구,마북동,경기도 용인시 기흥구 마북동 212-1,동부건설㈜,한국자산신탁㈜,민간,분양,84,1,1,Aug-24,Oct-24,준공,
용인시,기흥구,마북동,경기도 용인시 기흥구 마북동 212-1,동부건설㈜,한국자산신탁㈜,민간,분양,118,1,1,Aug-24,Oct-24,준공,
의정부시,,금오동,경기도 의정부시 금오동 369-1,대우건설㈜,우리자산신탁㈜,민간,분양,110,82,0,Nov-24,Dec-24,미준공,
의정부시,,의정부동,경기도 의정부시 의정부동 248-3,㈜포스코이앤씨,㈜링크시티피에프브이,민간,분양,84,170,0,Nov-24,Oct-24,미준공,
의정부시,,금오동,경기도 의정부시 금오동 369-1,대우건설㈜,우리자산신탁㈜,민간,분양,108,82,0,Nov-24,Dec-24,미준공,
의정부시,,금오동,경기도 의정부시 금오동 369-1,대우건설㈜,우리자산신탁㈜,민간,분양,84,82,0,Nov-24,Dec-24,미준공,
의정부시,,금오동,경기도 의정부시 금오동 369-1,대우건설㈜,우리자산신탁㈜,민간,분양,84,123,0,Nov-24,Dec-24,미준공,
의정부시,,금오동,경기도 의정부시 금오동 369-1,대우건설㈜,우리자산신탁㈜,민간,분양,84,41,0,Nov-24,Dec-24,미준공,
의정부시,,금오동,경기도 의정부시 금오동 369-1,대우건설㈜,우리자산신탁㈜,민간,분양,84,246,0,Nov-24,Dec-24,미준공,
의정부시,,용현동,경기도 의정부시 용현동 산32외 51필지,현대엔지니어링㈜,신영부동산신탁㈜,민간,분양,84,77,11,Jun-24,Aug-24,미준공,
의정부시,,용현동,경기도 의정부시 용현동 산32외 51필지,현대엔지니어링㈜,신영부동산신탁㈜,민간,분양,84,132,10,Jun-24,Aug-24,미준공,
의정부시,,용현동,경기도 의정부시 용현동 산32외 51필지,현대엔지니어링㈜,신영부동산신탁㈜,민간,분양,74,77,11,Jun-24,Aug-24,미준공,
의정부시,,용현동,경기도 의정부시 용현동 산32외 51필지,현대엔지니어링㈜,신영부동산신탁㈜,민간,분양,74,118,10,Jun-24,Aug-24,미준공,
의정부시,,용현동,경기도 의정부시 용현동 산32외 51필지,현대엔지니어링㈜,신영부동산신탁㈜,민간,분양,59,63,0,Jun-24,Aug-24,미준공,
의정부시,,용현동,경기도 의정부시 용현동 산32외 51필지,현대엔지니어링㈜,신영부동산신탁㈜,민간,분양,59,60,0,Jun-24,Aug-24,미준공,
의정부시,,용현동,경기도 의정부시 용현동 산32외 51필지,현대엔지니어링㈜,신영부동산신탁㈜,민간,분양,59,109,0,Jun-24,Aug-24,미준공,
의정부시,,의정부동,경기도 의정부시 의정부동 248-3,㈜포스코이앤씨,㈜링크시티피에프브이,민간,분양,84,382,0,Nov-24,Oct-24,미준공,
의정부시,,의정부동,경기도 의정부시 의정부동 248-3,㈜포스코이앤씨,㈜링크시티피에프브이,민간,분양,84,253,0,Nov-24,Oct-24,미준공,
의정부시,,의정부동,경기도 의정부시 의정부동 248-3,㈜포스코이앤씨,㈜링크시티피에프브이,민간,분양,84,218,0,Nov-24,Oct-24,미준공,
의정부시,,의정부동,경기도 의정부시 의정부동 248-3,㈜포스코이앤씨,㈜링크시티피에프브이,민간,분양,84,35,0,Nov-24,Oct-24,미준공,
의정부시,,의정부동,경기도 의정부시 의정부동 248-3,㈜포스코이앤씨,㈜링크시티피에프브이,민간,분양,112,339,0,Nov-24,Oct-24,미준공,
의정부시,,의정부동,경기도 의정부시 의정부동 248-3,㈜포스코이앤씨,㈜링크시티피에프브이,민간,분양,162,2,0,Nov-24,Oct-24,미준공,
의정부시,,의정부동,경기도 의정부시 의정부동 248-3,㈜포스코이앤씨,㈜링크시티피에프브이,민간,분양,165,2,0,Nov-24,Oct-24,미준공,
의정부시,,의정부동,경기도 의정부시 의정부동 436-4번지 외 2필지(스카이파크),진산건설㈜,㈜드림개발,민간,분양,19.6,12,1,Mar-24,Apr-24,준공,
의정부시,,신곡동,경기도 의정부시 신곡동 고산 공공주택지구 C2블럭(신곡동 1-2)(대광로제비앙),(주)대광건영,㈜대광건영,민간,분양,84.93,622,1,Oct-24,Apr-24,준공,
의정부시,,의정부동,경기도 의정부시 의정부동 98-4 외 1필지(공간라움),㈜공간종합건설,㈜공간종합건설,민간,분양,66.69,17,2,Aug-24,Sep-24,준공,
의정부시,,의정부동,경기도 의정부시 의정부동 131-23번지,㈜디오시종합건설,나이키빌,민간,분양,41,18,18,Feb-24,Mar-24,준공,
의정부시,,의정부동,경기도 의정부시 의정부동 131-23번지,㈜디오시종합건설,나이키빌,민간,분양,23,18,18,Feb-24,Mar-24,준공,
의정부시,,의정부동,경기도 의정부시 의정부동 131-23번지,㈜디오시종합건설,나이키빌,민간,분양,39,18,18,Feb-24,Mar-24,준공,
의정부시,,의정부동,경기도 의정부시 의정부동 131-23번지,㈜디오시종합건설,나이키빌,민간,분양,20,17,17,Feb-24,Mar-24,준공,
의정부시,,의정부동,경기도 의정부시 의정부동 131-23번지,㈜디오시종합건설,나이키빌,민간,분양,20,17,13,Feb-24,Mar-24,준공,
의정부시,,의정부동,경기도 의정부시 의정부동 131-23번지,㈜디오시종합건설,나이키빌,민간,분양,28,18,16,Feb-24,Mar-24,준공,
의정부시,,의정부동,경기도 의정부시 의정부동 131-23번지,㈜디오시종합건설,나이키빌,민간,분양,43,1,1,Feb-24,Mar-24,준공,
의정부시,,의정부동,경기도 의정부시 의정부동 146-5,㈜부성종합건설,교보자산신탁㈜,민간,분양,84.32,109,1,Nov-24,Dec-24,미준공,
의정부시,,의정부동,경기도 의정부시 의정부동 491-5,스마트중앙건설㈜,㈜무궁화신탁,민간,분양,65.44,60,0,Feb-24,Aug-24,미준공,
의정부시,,의정부동,경기도 의정부시 의정부동 127-4,신동아건설㈜,㈜하나자신탁,민간,분양,84.9,63,50,Jul-24,Mar-24,미준공,
이천시,,안흥동,경기도 이천시 안흥동 27-1,서희건설,안흥동지역주택조합,민간,민간,84.98,107,89,Feb-24,Jan-24,미준공,
이천시,,안흥동,경기도 이천시 안흥동 27-1,서희건설,안흥동지역주택조합,민간,민간,84.98,178,134,Feb-24,Jan-24,미준공,
이천시,,안흥동,경기도 이천시 안흥동 27-1,서희건설,안흥동지역주택조합,민간,민간,84.98,62,46,Feb-24,Jan-24,미준공,
이천시,,안흥동,경기도 이천시 안흥동 226-2외 16필지 (롯데캐슬 페라즈 스카이),롯데건설㈜,아시아신탁㈜,민간,분양,142.15,3,3,Jul-24,Apr-24,미준공,
이천시,,비공개,,비공개,비공개,민간,민간,117.992,88,40,May-24,Apr-24,미준공,
이천시,,비공개,,비공개,비공개,민간,민간,84,94,62,May-24,Apr-24,미준공,
이천시,,비공개,,비공개,비공개,민간,민간,185.72,2,1,May-24,Apr-24,미준공,
이천시,,비공개,,비공개,비공개,민간,민간,84,327,169,May-24,Apr-24,미준공,
이천시,,비공개,,비공개,비공개,민간,민간,122.45,43,5,Feb-24,Jan-24,미준공,
이천시,,비공개,,비공개,비공개,민간,민간,84.957,224,211,Feb-24,Jan-24,미준공,
이천시,,비공개,,비공개,비공개,민간,민간,84.98,267,251,Feb-24,Jan-24,미준공,
이천시,,비공개,,비공개,비공개,민간,민간,84.936,267,204,Feb-24,Jan-24,미준공,
이천시,,비공개,,비공개,비공개,민간,민간,84,124,86,May-24,Apr-24,미준공,
파주시,,문산읍,경기도 파주시 문산읍 당동리 947일원,㈜한양,㈜한국자산신탁,민간,분양,101.81,136,1,Jun-24,Oct-24,준공,
평택시,,장안동,경기도 평택시 장안동,㈜대광건영,브레인시티5피에프브이㈜,민간,분양,84,606,176,,Jan-27,미준공,
평택시,,장안동,경기도 평택시 장안동,㈜대광건영,브레인시티5피에프브이㈜,민간,분양,84,136,44,,Jan-27,미준공,
평택시,,장안동,경기도 평택시 장안동,㈜대광건영,브레인시티5피에프브이㈜,민간,분양,84,102,3,,Jan-27,미준공,
평택시,,현덕면,경기도 평택시 화양지구 9-2bl,㈜대우건설,교보자산신탁㈜,민간,분양,74,99,13,,Nov-26,미준공,
평택시,,현덕면,경기도 평택시 화양지구 9-2bl,㈜대우건설,교보자산신탁㈜,민간,분양,74,100,22,,Nov-26,미준공,
평택시,,현덕면,경기도 평택시 화양지구 9-2bl,㈜대우건설,교보자산신탁㈜,민간,분양,84,431,128,,Nov-26,미준공,
평택시,,현덕면,경기도 평택시 화양지구 9-2bl,㈜대우건설,교보자산신탁㈜,민간,분양,84,110,66,,Nov-26,미준공,
평택시,,현덕면,경기도 평택시 화양지구 9-2bl,㈜대우건설,교보자산신탁㈜,민간,분양,84,103,65,,Nov-26,미준공,
평택시,,현덕면,경기도 평택시 화양지구 9-2bl,㈜대우건설,교보자산신탁㈜,민간,분양,122,4,2,,Nov-26,미준공,
평택시,,현덕면,경기도 평택시 화양지구 9-2bl,㈜대우건설,교보자산신탁㈜,민간,분양,122,4,0,,Nov-26,미준공,
평택시,,가재동,경기도 평택시 가재동l,효성중공업㈜,평택가재피에프브이㈜,민간,분양,84,809,2,,Feb-27,미준공,
평택시,,가재동,경기도 평택시 가재동l,효성중공업㈜,평택가재피에프브이㈜,민간,분양,84,240,2,,Feb-27,미준공,
평택시,,가재동,경기도 평택시 가재동l,효성중공업㈜,평택가재피에프브이㈜,민간,분양,103,160,1,,Feb-27,미준공,
평택시,,현덕면,경기도 평택시 현덕면 화양지구 2-1BL,디엘건설㈜,교보자산신탁㈜,민간,분양,59,155,0,Aug-24,Aug-24,미준공,
평택시,,현덕면,경기도 평택시 현덕면 화양지구 2-1BL,디엘건설㈜,교보자산신탁㈜,민간,분양,84,638,0,Aug-24,Aug-24,미준공,
평택시,,현덕면,경기도 평택시 현덕면 화양지구 3BL,㈜서희건설,평택화양센트럴지역주택조합 외 1,민간,분양,84,270,2,Apr-24,Dec-24,미준공,
평택시,,현덕면,경기도 평택시 현덕면 화양지구 3BL,㈜서희건설,평택화양센트럴지역주택조합 외 1,민간,분양,59,145,121,Apr-24,Dec-24,미준공,
평택시,,현덕면,경기도 평택시 현덕면 화양지구 3BL,㈜서희건설,평택화양센트럴지역주택조합 외 1,민간,분양,59,84,79,Apr-24,Dec-24,미준공,
평택시,,현덕면,경기도 평택시 현덕면 화양지구 3BL,㈜서희건설,평택화양센트럴지역주택조합 외 1,민간,분양,84,161,148,Aug-24,Aug-24,미준공,
평택시,,현덕면,경기도 평택시 현덕면 화양지구 4BL,디엘건설㈜,교보자산신탁㈜,민간,분양,59,98,0,Aug-24,Aug-24,미준공,
평택시,,현덕면,경기도 평택시 현덕면 화양지구 4BL,디엘건설㈜,교보자산신탁㈜,민간,분양,74,194,0,Aug-24,Aug-24,미준공,
평택시,,현덕면,경기도 평택시 현덕면 화양지구 4BL,디엘건설㈜,교보자산신탁㈜,민간,분양,84,465,0,Aug-24,Aug-24,미준공,
평택시,,현덕면,경기도 평택시 현덕면 화양지구 4BL,디엘건설㈜,교보자산신탁㈜,민간,분양,84,159,1,Aug-24,Aug-24,미준공,
평택시,,현덕면,경기도 평택시 현덕면 화양지구 7BL,㈜한화건설,교보자산신탁㈜,민간,분양,74,78,0,Oct-24,Aug-24,미준공,
평택시,,현덕면,경기도 평택시 현덕면 화양지구 7BL,㈜한화건설,교보자산신탁㈜,민간,분양,74,75,0,Oct-24,Aug-24,미준공,
평택시,,현덕면,경기도 평택시 현덕면 화양지구 7BL,㈜한화건설,교보자산신탁㈜,민간,분양,74,75,0,Oct-24,Aug-24,미준공,
평택시,,현덕면,경기도 평택시 현덕면 화양지구 7BL,㈜한화건설,교보자산신탁㈜,민간,분양,74,53,0,Oct-24,Aug-24,미준공,
평택시,,현덕면,경기도 평택시 현덕면 화양지구 7BL,㈜한화건설,교보자산신탁㈜,민간,분양,84,205,0,Oct-24,Aug-24,미준공,
평택시,,현덕면,경기도 평택시 현덕면 화양지구 7BL,㈜한화건설,교보자산신탁㈜,민간,분양,84,363,4,Oct-24,Aug-24,미준공,
평택시,,현덕면,경기도 평택시 현덕면 화양지구 7BL,㈜한화건설,교보자산신탁㈜,민간,분양,99,146,0,Oct-24,Aug-24,미준공,
평택시,,현덕면,경기도 평택시 현덕면 화양지구 5BL,현대엔지니어링㈜,신한자산신탁㈜,민간,분양,72,149,1,Nov-24,Aug-24,미준공,
평택시,,현덕면,경기도 평택시 현덕면 화양지구 5BL,현대엔지니어링㈜,신한자산신탁㈜,민간,분양,76,76,1,Nov-24,Aug-24,미준공,
평택시,,현덕면,경기도 평택시 현덕면 화양지구 5BL,현대엔지니어링㈜,신한자산신탁㈜,민간,분양,84,929,12,Nov-24,Aug-24,미준공,
평택시,,현덕면,경기도 평택시 현덕면 화양지구 5BL,현대엔지니어링㈜,신한자산신탁㈜,민간,분양,84,315,35,Nov-24,Aug-24,미준공,
평택시,,현덕면,경기도 평택시 현덕면 화양지구 5BL,현대엔지니어링㈜,신한자산신탁㈜,민간,분양,84,102,22,Nov-24,Aug-24,미준공,
평택시,,현덕면,경기도 평택시 현덕면,미공개,미공개,민간,분양,84,530,512,Feb-24,Aug-24,미준공,
평택시,,현덕면,경기도 평택시 현덕면,미공개,미공개,민간,분양,84,139,126,Feb-24,Aug-24,미준공,
평택시,,현덕면,경기도 평택시 현덕면,미공개,미공개,민간,분양,107,84,47,Feb-24,Aug-24,미준공,
평택시,,가재동,경기도 평택시 가재지구 2bl,제일건설㈜,㈜씨지주택,민간,분양,84,819,32,Jun-24,May-24,미준공,
평택시,,가재동,경기도 평택시 가재지구 2bl,제일건설㈜,㈜씨지주택,민간,분양,84,162,7,Jun-24,May-24,미준공,
평택시,,가재동,경기도 평택시 가재지구 2bl,제일건설㈜,㈜씨지주택,민간,분양,103,171,1,Jun-24,May-24,미준공,
평택시,,현덕면,경기도 평택시 현덕면 화양지구 9-1bl,㈜신영씨앤디,신영화양지구개발피에프브이,민간,분양,84,341,307,May-24,Apr-24,미준공,
평택시,,현덕면,경기도 평택시 현덕면 화양지구 9-1bl,㈜신영씨앤디,신영화양지구개발피에프브이,민간,분양,84,300,273,May-24,Apr-24,미준공,
평택시,,현덕면,경기도 평택시 현덕면 화양지구 9-1bl,㈜신영씨앤디,신영화양지구개발피에프브이,민간,분양,84,112,100,May-24,Apr-24,미준공,
평택시,,현덕면,경기도 평택시 현덕면 화양지구 9-1bl,㈜신영씨앤디,신영화양지구개발피에프브이,민간,분양,84,246,229,May-24,Apr-24,미준공,
평택시,,도일동,,비공개,비공개,민간,분양,59,465,15,,Nov-26,미준공,
평택시,,도일동,,비공개,비공개,민간,분양,59,103,32,,Nov-26,미준공,
평택시,,도일동,,비공개,비공개,민간,분양,84,1051,731,,Nov-26,미준공,
평택시,,도일동,,비공개,비공개,민간,분양,84,204,126,,Nov-26,미준공,
평택시,,도일동,,비공개,비공개,민간,분양,84,157,119,,Nov-26,미준공,
평택시,,가재동,경기도 평택시 가재동 450-2,쌍용건설㈜,평택가재피에프비이,민간,분양,84,896,0,,Jan-27,미준공,
평택시,,가재동,경기도 평택시 가재동 450-2,쌍용건설㈜,평택가재피에프비이,민간,분양,84,114,0,,Jan-27,미준공,
평택시,,가재동,경기도 평택시 가재동 450-2,쌍용건설㈜,평택가재피에프비이,민간,분양,113,330,15,,Jan-27,미준공,
평택시,,장안동,경기도 평택시 장안동,㈜대광건영,브레인시티5피에프브이㈜,민간,분양,59,234,5,,Nov-26,미준공,
평택시,,장안동,경기도 평택시 장안동,㈜대광건영,브레인시티5피에프브이㈜,민간,분양,59,104,5,,Nov-26,미준공,
포천시,,군내면,경기도 포천시 군내면 용정리 475-1,㈜대광건영,포천대광지역주택조합,민간,분양,59,59,10,Aug-24,Aug-24,준공,
포천시,,군내면,경기도 포천시 군내면 용정리 475-1,㈜대광건영,포천대광지역주택조합,민간,분양,84,57,31,Aug-24,Aug-24,준공,
포천시,,군내면,경기도 포천시 군내면 용정리 475-1,㈜대광건영,포천대광지역주택조합,민간,분양,84,10,7,Aug-24,Aug-24,준공,
포천시,,군내면,경기도 포천시 군내면 용정리 475-1,㈜대광건영,포천대광지역주택조합,민간,분양,59,37,18,Aug-24,Aug-24,준공,
포천시,,군내면,경기도 포천시 군내면 용정리 475-1,㈜대광건영,포천대광지역주택조합,민간,분양,59,52,17,Aug-24,Aug-24,준공,
하남시,,망월동,경기도 하남시 망월동 미사지구 C1,㈜동양건설산업,㈜하남파라곤,민간,분양,195,2,2,May-24,Jul-24,준공,
화성시,,반송동,경기도 화성시 반송동 동탄택지개발지구16-3블럭외 2,㈜동양건설산업,우**외3인,민간,분양,173,66,8,Jun-24,Nov-24,준공,
화성시,,반송동,경기도 화성시 반송동 동탄택지개발지구16-3블럭외 2,㈜동양건설산업,우**외3인,민간,분양,192,42,9,Jun-24,Nov-24,준공,
화성시,,반송동,경기도 화성시 반송동 동탄택지개발지구16-3블럭외 2,㈜동양건설산업,우**외3인,민간,분양,201,70,6,Jun-24,Nov-24,준공,
화성시,,우정읍,경기도 화성시 조암리 453-2번지,㈜군장종합건설,대한토지신탁,민간,분양,79.97,33,13,Sep-24,Nov-24,준공,
화성시,,오산동,경기도 화성시 오산동 동탄2택지개발지구 업무복합3BL,㈜유림E&C,㈜하나자산신탁,민간,분양,96.58,92,1,Aug-24,Oct-24,준공,
화성시,,오산동,경기도 화성시 오산동 동탄2택지개발지구 16BL,에이치엔아이엔씨㈜,코리아신탁(주),민간,분양,97,2,1,May-24,Oct-24,미준공,
화성시,,오산동,경기도 화성시 오산동 동탄2택지개발지구 16BL,에이치엔아이엔씨㈜,코리아신탁(주),민간,분양,155,2,1,May-24,Oct-24,미준공,
화성시,,오산동,경기도 화성시 오산동 동탄2택지개발지구 16BL,에이치엔아이엔씨㈜,코리아신탁(주),민간,분양,155,2,1,May-24,Oct-24,미준공,
화성시,,새솔동,경기도 화성시  새솔동 송산그린시티 EAA10BL 모아미래도,㈜모아종합건설,㈜미래도건설,민간,분양,84.99,315,1,Mar-24,Jun-24,준공,
화성시,,새솔동,경기도 화성시  새솔동 송산그린시티 EAA10BL 모아미래도,㈜모아종합건설,㈜미래도건설,민간,분양,99.99,76,1,Mar-24,Jun-24,준공,
화성시,,봉담읍,경기도 화성시 봉담읍 상리 25-52,㈜대창기업,㈜한국토지신탁,민간,분양,13.31,176,76,Feb-24,Feb-24,준공,
화성시,,봉담읍,경기도 화성시 봉담읍 상리 25-52,㈜대창기업,㈜한국토지신탁,민간,분양,13.25,16,9,Feb-24,Feb-24,준공,
화성시,,봉담읍,경기도 화성시 봉담읍 상리 25-52,㈜대창기업,㈜한국토지신탁,민간,분양,13.2,16,9,Feb-24,Feb-24,준공,
화성시,,봉담읍,경기도 화성시 봉담읍 상리 25-52,㈜대창기업,㈜한국토지신탁,민간,분양,13.91,48,36,Feb-24,Feb-24,준공,
화성시,,봉담읍,경기도 화성시 봉담읍 상리 25-52,㈜대창기업,㈜한국토지신탁,민간,분양,13.78,16,16,Feb-24,Feb-24,준공,
화성시,,우정읍,경기도 화성시 조암리 453-2번지,㈜군장종합건설,대한토지신탁,민간,분양,59.9,145,35,Sep-24,Nov-24,준공,
화성시,,우정읍,경기도 화성시 조암리 453-2번지,㈜군장종합건설,대한토지신탁,민간,분양,59.98,37,15,Sep-24,Nov-24,준공,
화성시,,우정읍,경기도 화성시 조암리 453-2번지,㈜군장종합건설,대한토지신탁,민간,분양,79.92,9,4,Sep-24,Nov-24,준공,
화성시,,반송동,경기도 화성시 반송동 동탄택지개발지구16-3블럭외 2,㈜동양건설산업,우**외3인,민간,분양,170,46,6,Jun-24,Nov-24,준공,
화성시,,반송동,경기도 화성시 반송동 동탄택지개발지구16-3블럭외 2,㈜동양건설산업,우**외3인,민간,분양,159,42,1,Jun-24,Nov-24,준공,
화성시,,향남읍,경기도 화성시 향남읍 상신지구 A1-1블럭,(주)한양,코리아신탁(주),민간,분양,84,12,5,May-24,Feb-24,미준공,
화성시,,향남읍,경기도 화성시 향남읍 상신지구 A1-1블럭,(주)한양,코리아신탁(주),민간,분양,84,10,2,May-24,Feb-24,미준공,
화성시,,향남읍,경기도 화성시 향남읍 상신지구 A1-1블럭,(주)한양,코리아신탁(주),민간,분양,84,97,4,May-24,Feb-24,미준공,
화성시,,향남읍,경기도 화성시 향남읍 상신지구 A1-1블럭,(주)한양,코리아신탁(주),민간,분양,61,63,5,May-24,Feb-24,미준공,
화성시,,오산동,경기도 화성시 오산동 동탄2택지개발지구 업무복합3BL,㈜유림E&C,㈜하나자산신탁,민간,분양,84.61,44,1,Aug-24,Oct-24,준공,
